"","ID","Description","setSize","enrichmentScore","NES","pvalue","p.adjust","qvalue","rank","leading_edge","core_enrichment"
"hsa02010","hsa02010","ABC transporters",45,0.981343467497398,2.71182611326262,1e-10,1.11666666666667e-09,3.12280701754386e-10,94,"tags=91%, list=0%, signal=91%","19/10349/26154/154664/20/21/24/23461/23460/10347/10351/10350/5243/23456/8647/5244/340273/10058/22/11194/23457/4363/89845/85320/94160/1244/8714/10257/10057/368/6833/10060/215/225/5825/5826/9619/9429/64137/64240/64241"
"hsa00071","hsa00071","Fatty acid degradation",43,0.870479951841902,2.38226901332465,1e-10,1.11666666666667e-09,3.12280701754386e-10,684,"tags=70%, list=2%, signal=68%","30/10449/33/34/35/36/37/38/39/51/8310/23205/81616/2180/2181/2182/51703/23305/124/125/126/127/128/130/131/219/217/224/501/223"
"hsa00620","hsa00620","Pyruvate metabolism",46,0.856228801336932,2.37315532291858,1e-10,1.11666666666667e-09,3.12280701754386e-10,684,"tags=48%, list=2%, signal=47%","31/32/38/39/134526/84532/55902/97/98/124/125/126/127/128/130/131/10327/219/217/224/501/223"
"hsa05110","hsa05110","Vibrio cholerae infection",48,0.825969266972509,2.30253861218475,1e-10,1.11666666666667e-09,3.12280701754386e-10,1620,"tags=56%, list=6%, signal=53%","60/71/109/115/375/537/535/23545/50617/533/527/9114/245972/8992/155066/523/525/526/528/245973/51382/529/90423/9296/9550/534/51606"
"hsa04261","hsa04261","Adrenergic signaling in cardiomyocytes",151,0.755165756601728,2.27546383182905,1e-10,1.11666666666667e-09,3.12280701754386e-10,2634,"tags=47%, list=9%, signal=43%","70/107/108/109/196883/111/112/113/114/115/148/147/146/153/154/183/185/186/207/208/10000/1386/468/1388/476/477/478/480/481/482/483/487/488/489/490/491/492/493/596/11149/775/776/778/779/781/9254/55799/93589/782/783/784/785/786/10369/10368/27092/27091/59285/59284/59283/801/805/808/810/91860/51806/163688/815/816/817/818"
"hsa00280","hsa00280","Valine, leucine and isoleucine degradation",48,0.79323578969431,2.21128812822863,1e-10,1.11666666666667e-09,3.12280701754386e-10,1825,"tags=50%, list=7%, signal=47%","65985/18/30/10449/27034/34/35/36/38/39/197322/64902/219/217/224/4329/501/223/316/549/586/587/593/594"
"hsa04925","hsa04925","Aldosterone synthesis and secretion",95,0.750133506976693,2.21020922326591,1e-10,1.11666666666667e-09,3.12280701754386e-10,4774,"tags=62%, list=17%, signal=52%","107/108/109/196883/111/112/113/114/115/183/185/466/1386/468/1388/476/477/478/480/481/482/483/490/491/492/493/775/776/778/8913/8912/8911/779/801/805/808/810/91860/51806/163688/8536/57118/57172/815/816/817/818/814/1385/10488/90993/64764/84699/148327/9586/1583/1589/747/221955"
"hsa04972","hsa04972","Pancreatic secretion",98,0.745062001311983,2.20167980759495,1e-10,1.11666666666667e-09,3.12280701754386e-10,4528,"tags=50%, list=16%, signal=42%","107/108/109/196883/111/112/113/114/115/276/277/279/280/476/477/478/480/481/482/483/487/488/489/490/491/492/493/683/760/885/886/952/1056/63036/51032/10136/23436/1080/1131/1179/9635/22802/1357/1358/1359/1360/1361/1504/440387"
"hsa04923","hsa04923","Regulation of lipolysis in adipocytes",55,0.777411145359282,2.1980117434949,1e-10,1.11666666666667e-09,3.12280701754386e-10,1111,"tags=33%, list=4%, signal=31%","51099/107/108/109/196883/111/112/113/114/115/134/153/154/155/207/208/10000/364"
"hsa04966","hsa04966","Collecting duct acid secretion",26,0.860404981167305,2.1948587681724,1e-10,1.11666666666667e-09,3.12280701754386e-10,2520,"tags=85%, list=9%, signal=77%","495/496/535/23545/50617/527/9114/245972/8992/155066/523/525/526/528/245973/51382/529/90423/9296/9550/534/760"
"hsa04270","hsa04270","Vascular smooth muscle contraction",132,0.727098383693242,2.17815999286663,1e-10,1.11666666666667e-09,3.12280701754386e-10,2621,"tags=33%, list=9%, signal=30%","59/72/107/108/109/196883/111/112/113/114/115/133/79924/135/136/148/147/146/183/185/369/9138/9826/23365/551/552/553/673/775/776/778/779/796/797/10203/800/801/805/808/810/91860/51806/163688"
"hsa04970","hsa04970","Salivary secretion",89,0.72714964735141,2.1371472197765,1e-10,1.11666666666667e-09,3.12280701754386e-10,4450,"tags=54%, list=16%, signal=45%","107/108/109/196883/111/112/113/114/115/148/147/146/153/154/155/276/277/279/280/362/476/477/478/480/481/482/483/490/491/492/493/54831/683/801/805/808/810/91860/51806/163688/820/952/1131/1469/1470/1471/1472/1473"
"hsa04974","hsa04974","Protein digestion and absorption",99,0.715445595176647,2.1174220756019,1e-10,1.11666666666667e-09,3.12280701754386e-10,4528,"tags=64%, list=16%, signal=53%","59272/476/477/478/480/481/482/483/63036/51032/10136/23436/1300/1301/1302/1303/1305/7373/1306/1307/1308/80781/1310/1277/1278/57642/81578/169044/91522/255631/84570/136227/85301/340267/1280/1281/1282/1284/1285/1286/1287/1288/1289/1290/50509/1291/1292/1293/256076/131873/1294/1295/1296/1297/1298/1299/1357/1358/1359/1360/1361/1504/440387"
"hsa01212","hsa01212","Fatty acid metabolism",57,0.741882451089919,2.10182305527646,1e-10,1.11666666666667e-09,3.12280701754386e-10,222,"tags=35%, list=1%, signal=35%","30/10449/31/33/34/35/36/37/38/39/51/8310/23205/81616/197322/2180/2181/2182/51703/23305"
"hsa00010","hsa00010","Glycolysis / Gluconeogenesis",64,0.72633916757989,2.08224314399048,1e-10,1.11666666666667e-09,3.12280701754386e-10,689,"tags=34%, list=2%, signal=34%","84532/55902/124/125/126/127/128/130/131/83440/10327/219/217/218/224/221/222/501/223/226/229/230"
"hsa04914","hsa04914","Progesterone-mediated oocyte maturation",97,0.70286057570995,2.07510270237159,1e-10,1.11666666666667e-09,3.12280701754386e-10,4240,"tags=45%, list=15%, signal=39%","107/108/109/196883/111/112/113/114/115/207/208/10000/64682/10393/51529/25847/25906/119504/29882/29945/51433/51434/369/6790/673/699/8900/890/891/9133/85417/8881/8697/993/994/995/246184/996/983/1017/64506/132864/22849/80315"
"hsa04971","hsa04971","Gastric acid secretion",73,0.713394408232836,2.06530259179833,1e-10,1.11666666666667e-09,3.12280701754386e-10,3679,"tags=48%, list=13%, signal=42%","60/71/107/108/109/196883/111/112/113/114/115/476/477/478/480/481/482/483/495/496/760/801/805/808/810/91860/51806/163688/815/816/817/818/887/1080/1131"
"hsa00190","hsa00190","Oxidative phosphorylation",119,0.689319004132069,2.04770455802618,1e-10,1.11666666666667e-09,3.12280701754386e-10,4636,"tags=53%, list=17%, signal=44%","479/495/496/498/506/509/513/514/516/517/518/521/9551/10632/515/10476/522/539/537/535/23545/50617/533/527/9114/245972/8992/155066/523/525/526/528/245973/51382/529/90423/9296/9550/534/51606/1352/1353/1355/10063/1327/84701/9377/1329/1337/1339/1340/125965/1345/1346/1347/9167/1349/170712/1350/1351/341947/1537/54205"
"hsa04976","hsa04976","Bile secretion",86,0.690944650412063,2.02259854221795,1e-10,1.11666666666667e-09,3.12280701754386e-10,1732,"tags=35%, list=6%, signal=33%","5243/8647/5244/1244/8714/10257/9429/64240/64241/107/108/109/196883/111/112/113/114/115/358/361/343/366/476/477/478/480/481/482/483/570"
"hsa00230","hsa00230","Purine metabolism",123,0.678352984202918,2.02160764737758,1e-10,1.11666666666667e-09,3.12280701754386e-10,1491,"tags=26%, list=5%, signal=25%","100/51816/107/55811/108/109/196883/111/112/113/114/115/132/56985/158/122622/159/203/204/50808/205/26289/102157402/122481/158067/221264/55821/270/271/272/353/471"
"hsa04921","hsa04921","Oxytocin signaling pathway",152,0.655994726613701,1.97687988489642,1e-10,1.11666666666667e-09,3.12280701754386e-10,3318,"tags=33%, list=12%, signal=29%","60/71/107/108/109/196883/111/112/113/114/115/775/776/778/779/781/9254/55799/93589/782/783/784/785/786/10369/10368/27092/27091/59285/59284/59283/801/805/808/810/91860/51806/163688/8536/57118/57172/815/816/817/818/814/10645/595/952/1026"
"hsa04022","hsa04022","cGMP-PKG signaling pathway",164,0.649673164822826,1.96853773171074,1e-10,1.11666666666667e-09,3.12280701754386e-10,4314,"tags=39%, list=16%, signal=33%","107/108/109/196883/111/112/113/114/115/134/140/148/147/146/150/151/152/153/154/155/185/207/208/10000/1386/468/1388/476/477/478/480/481/482/483/487/488/489/490/491/492/493/572/624/4207/775/776/778/779/801/805/808/810/91860/51806/163688/1259/1258/1385/10488/90993/64764/84699/148327/9586"
"hsa05414","hsa05414","Dilated cardiomyopathy",94,0.66553161939661,1.95950593848236,1e-10,1.11666666666667e-09,3.12280701754386e-10,2577,"tags=39%, list=9%, signal=36%","60/70/71/107/108/109/196883/111/112/113/114/115/153/183/487/488/489/775/776/778/779/781/9254/55799/93589/782/783/784/785/786/10369/10368/27092/27091/59285/59284/59283"
"hsa04714","hsa04714","Thermogenesis",217,0.638442425071949,1.949213541997,1e-10,1.11666666666667e-09,3.12280701754386e-10,4314,"tags=39%, list=16%, signal=33%","2180/2181/2182/51703/23305/60/71/86/51412/107/55811/108/109/196883/111/112/113/114/115/155/84335/8289/57492/1386/498/506/509/513/514/516/517/518/521/9551/10632/515/10476/522/539/353500/656/1268/55744/28958/51287/493753/388753/65260/1352/1353/84987/1355/51241/10063/285521/90639/116228/1327/84701/9377/1329/1337/1339/1340/125965/1345/1346/1347/9167/1349/170712/1350/1351/341947/1374/1375/126129/1376/1385/10488/90993/64764/84699/148327/9586"
"hsa05034","hsa05034","Alcoholism",172,0.633834093328054,1.92613772672103,1e-10,1.11666666666667e-09,3.12280701754386e-10,8556,"tags=80%, list=31%, signal=56%","111/135/136/369/1386/468/1388/627/673/801/805/808/810/91860/51806/163688/814/84254/10645/1385/10488/90993/64764/84699/148327/9586/1392/1644/1812/1813/2354/2770/2771/2773/2775/2778/2782/2783/2784/59345/10681/2790/2791/55970/51764/54331/2785/2786/2787/2788/94235/2792/2793/2885/2902/2903/2904/2905/2906/116443/116444/8969/85235/8329/8331/8332/8336/8337/723790/8338/317772/8335/8334/3013/3012/55766/3014/3015/94239/255626/8346/8970/85236/8340/8342/8341/8348/440689/8349/3018/8347/3017/8344/8343/8339/8345/158983/286436/3020/3021/8290/440093/8350/8357/8354/8356/653604/126961/8358/8352/8353/8968/8355/8359/8363/8362/8368/8370/554313/8366/8364/8360/8367/8361/8365/8294/8520/3065/83933/79885/3066/8841/9759/10014/10013/51564/55869/9734"
"hsa04114","hsa04114","Oocyte meiosis",125,0.644750347510438,1.92591224046291,1e-10,1.11666666666667e-09,3.12280701754386e-10,4240,"tags=40%, list=15%, signal=34%","107/108/109/196883/111/112/113/114/115/64682/10393/51529/25847/25906/119504/29882/29945/51433/51434/367/6790/8945/699/801/805/808/810/91860/51806/163688/815/816/817/818/891/9133/898/9134/8881/991/8697/995/246184/996/983/1017/64506/132864/22849/80315"
"hsa05322","hsa05322","Systemic lupus erythematosus",119,0.644471517755965,1.91447973509533,1e-10,1.11666666666667e-09,3.12280701754386e-10,8731,"tags=91%, list=31%, signal=62%","87/81/712/713/714/715/716/717/718/720/721/727/729/730/731/732/733/735/940/958/959/941/942/1511/1991/2209/2212/2214/2215/2903/2904/8969/85235/8329/8331/8332/8336/8337/723790/8338/317772/8335/8334/3013/3012/55766/3014/3015/94239/255626/8346/8970/85236/8340/8342/8341/8348/440689/8349/3018/8347/3017/8344/8343/8339/8345/158983/286436/3020/3021/8290/440093/8350/8357/8354/8356/653604/126961/8358/8352/8353/8968/8355/8359/8363/8362/8368/8370/554313/8366/8364/8360/8367/8361/8365/8294/3108/3109/3111/3112/3113/3115/3117/3118/3119/3122/3123/3127"
"hsa04142","hsa04142","Lysosome",130,0.625212551859949,1.87292441258364,1e-10,1.11666666666667e-09,3.12280701754386e-10,4550,"tags=48%, list=16%, signal=40%","20/23457/53/54/175/162/164/8906/8907/10053/1174/8905/130340/8546/8120/8943/26985/10947/1176/10239/10717/23431/9179/11154/410/411/22901/427/537/535/23545/50617/533/527/9114/245972/51606/8763/967/968/1201/1203/1211/1212/1213/8218/1497/5476/1508/1075/1509/1510/8722/1511/1512/1513/1514/1519/1520/1515/1521/1522"
"hsa04024","hsa04024","cAMP signaling pathway",218,0.587299899588881,1.79232447113094,1e-10,1.11666666666667e-09,3.12280701754386e-10,4326,"tags=36%, list=16%, signal=31%","10257/51/8310/107/55811/108/109/196883/111/112/113/114/115/116/117/134/135/153/154/4301/207/208/10000/268/64411/476/477/478/480/481/482/483/487/488/489/490/491/492/493/572/627/673/11149/775/776/778/779/801/805/808/810/91860/51806/163688/815/816/817/818/814/1080/1081/1128/1129/1259/1260/1261/1262/1258/54714/1385/10488/90993/64764/84699/148327/9586/1387/1392/1395"
"hsa04062","hsa04062","Chemokine signaling pathway",188,0.586558783971238,1.78615764123596,1e-10,1.11666666666667e-09,3.12280701754386e-10,8187,"tags=60%, list=29%, signal=42%","107/108/109/196883/111/112/113/114/115/207/208/10000/408/409/572/9564/673/6346/6356/6357/6358/6359/6360/6361/6362/6363/6347/6364/6366/6367/6368/6369/6370/10344/56477/6348/414062/6351/9560/6352/6354/6355/1230/2826/729230/1232/1233/1234/1235/1236/1237/10803/998/1147/1398/1399/6376/1524/2919/3627/6373/6387/10563/9547/58191/2920/2921/6374/6372/3576/4283/3577/3579/2833/7852/643/10663/1794/9844/2268/2309/2770/2771/2773/2776/2782/2783/2784/59345/10681/2790/2791/55970/51764/54331/2785/2786/2787/2788/94235/2792/2793/2885/6011/156/157/2868/2869/2870/131890/2931/2932"
"hsa04530","hsa04530","Tight junction",166,0.593216197362473,1.79763493623534,2.27122398803225e-10,2.45438721287356e-09,6.86380084668490e-10,3831,"tags=34%, list=14%, signal=30%","60/71/87/81/10097/10096/57180/653857/4301/154796/154810/51421/55114/23370/9181/10552/10095/10109/10094/10093/10092/81873/11149/776/595/909/910/911/912/913/998/1019/1080/57530/84952/9076/9071/5010/9069/23562/24146/10686/51208/149461/9075/49861/137075/100132463/644672/1365/100288814/1364/7122/9074/1366/9073/9080"
"hsa04911","hsa04911","Insulin secretion",84,0.676487791207375,1.98120970568501,2.39583318031363e-10,2.50813786064083e-09,7.01411687657607e-10,4314,"tags=48%, list=16%, signal=40%","6833/107/108/109/196883/111/112/113/114/115/116/117/1386/468/1388/476/477/478/480/481/482/483/775/776/778/779/815/816/817/818/885/886/1131/1385/10488/90993/64764/84699/148327/9586"
"hsa04936","hsa04936","Alcoholic liver disease",129,0.60830042825385,1.82255644402154,8.2422695181492e-10,8.36715238963631e-09,2.33991064470583e-09,4687,"tags=38%, list=17%, signal=32%","31/32/34/37/51/8310/124/125/126/127/128/130/131/9370/51094/79602/207/208/10000/219/217/224/501/223/712/713/714/717/718/719/720/721/727/728/10645/836/841/595/929/1147/1374/1375/126129/1499/2919/2920/2921/3576/1571"
"hsa00730","hsa00730","Thiamine metabolism",15,0.92595759696409,2.12777513899386,8.89512718802167e-10,8.76431649408017e-09,2.4509793180617e-09,751,"tags=73%, list=3%, signal=71%","52/203/204/205/26289/122481/158067/251/248/249/250"
"hsa04750","hsa04750","Inflammatory mediator regulation of TRP channels",97,0.655275918891445,1.93461530932672,1.07400094427051e-09,1.0279723323732e-08,2.87476944481429e-09,2634,"tags=29%, list=9%, signal=26%","107/108/109/196883/111/112/113/114/115/239/41/40/9311/55515/51802/623/624/801/805/808/810/91860/51806/163688/815/816/817/818"
"hsa04146","hsa04146","Peroxisome",83,0.660641493115436,1.93410222265173,1.29445506138058e-09,1.2045623487847e-08,3.36861112464536e-09,758,"tags=20%, list=3%, signal=20%","215/225/5825/5826/30/10005/51/8309/8310/2180/2181/2182/51703/23305/8540/189/23600"
"hsa04727","hsa04727","GABAergic synapse",87,0.652750122520514,1.91295745090758,1.35958403765767e-09,1.23097473679816e-08,3.44247451924703e-09,7970,"tags=76%, list=29%, signal=54%","18/107/108/109/196883/111/112/113/114/115/773/774/775/776/778/779/11337/23710/11345/2550/9568/2554/2555/2556/2557/2558/2560/2561/2562/2563/2564/2565/2566/2567/2568/55879/2569/2570/200959/2571/2572/2744/27165/2752/2770/2771/2773/2775/2782/2783/2784/59345/10681/2790/2791/55970/51764/54331/2785/2786/2787/2788/94235/2792/2793/10243"
"hsa04927","hsa04927","Cortisol synthesis and secretion",64,0.701055123093608,2.00975974968403,1.7358639241959e-09,1.53030109106744e-08,4.27955371893172e-09,4666,"tags=50%, list=17%, signal=42%","107/108/109/196883/111/112/113/114/115/183/185/1386/468/1388/775/776/778/8913/8912/8911/779/1385/10488/90993/64764/84699/148327/9586/1583/1584/1586/1589"
"hsa04080","hsa04080","Neuroactive ligand-receptor interaction",341,0.503771471007266,1.55373926564204,2.70178217569393e-09,2.32076161245505e-08,6.49011102933226e-09,9274,"tags=54%, list=33%, signal=37%","116/117/133/79924/134/135/136/140/148/147/146/150/151/152/153/154/155/183/185/186/100506013/8862/187/551/552/553/554/623/624/680/718/719/727/728/796/797/799/10203/885/886/887/1081/1128/1129/1131/1132/1133/1134/57053/1135/1136/1137/1138/8973/1139/55584/1140/1141/1142/1143/1144/1145/1146/1268/1269/1325/1392/1395/1443/1511/10800/57105/1812/1813/1815/1816/1906/1907/1908/1909/1910/2147/2149/2150/2151/9002/2357/2358/2359/2550/9568/2554/2555/2556/2557/2558/2560/2561/2562/2563/2564/2565/2566/2567/2568/55879/2569/2570/200959/51083/85569/2587/8811/8484/2641/2642/2689/2690/2692/51738/2693/2695/2696/2740/9340/2741/2742/8001/2743/2796/2797/2798/170589/165829/2859/9248/10888/2890/2891/2892/2893/2894/2895/2897/2898/2899/2900/2901/2902/2903/2904/2905/2906/116443/116444/2911/2912/2913/2914/2915/2916/2917/2918/2922/2925/3001/3060/3061/3062/3269/3274/11255/59340/3350/3351/3352/3354/3355/3356/3357/3358/3360/3362/3363/3375"
"hsa04260","hsa04260","Cardiac muscle contraction",82,0.658986293900177,1.92767060336509,3.78206470541389e-09,3.16747919078413e-08,8.85799365215359e-09,4221,"tags=61%, list=15%, signal=52%","70/444/476/477/478/480/481/482/483/487/488/489/775/776/778/779/781/9254/55799/93589/782/783/784/785/786/10369/10368/27092/27091/59285/59284/59283/845/1327/84701/9377/1329/1337/1339/1340/125965/1345/1346/1347/9167/1349/170712/1350/1351/341947"
"hsa04713","hsa04713","Circadian entrainment",96,0.638774511551798,1.88227799092785,5.52406317536685e-09,4.51356381401926e-08,1.26223779873594e-08,8282,"tags=68%, list=30%, signal=48%","107/55811/108/109/196883/111/112/113/114/115/116/117/775/776/8913/8912/8911/801/805/808/810/91860/51806/163688/815/816/817/818/1385/2353/2770/2771/2773/2775/2776/2778/2782/2783/2784/59345/10681/2790/2791/55970/51764/54331/2785/2786/2787/2788/94235/2792/2793/2890/2891/2892/2893/2902/2903/2904/2905/2906/2982/2977/2983"
"hsa05032","hsa05032","Morphine addiction",89,0.648317370780194,1.905453260608,6.19668356464754e-09,4.94259284323077e-08,1.38221763722715e-08,8146,"tags=70%, list=29%, signal=49%","107/108/109/196883/111/112/113/114/115/134/408/409/773/774/1812/2550/9568/2554/2555/2556/2557/2558/2560/2561/2562/2563/2564/2565/2566/2567/2568/55879/2569/2570/200959/2770/2771/2773/2775/2778/2782/2783/2784/59345/10681/2790/2791/55970/51764/54331/2785/2786/2787/2788/94235/2792/2793/156/157/2868/2869/2870"
"hsa04211","hsa04211","Longevity regulating pathway",88,0.649149965946777,1.90666860361223,6.52454743738854e-09,5.08307765470968e-08,1.4215048272401e-08,4314,"tags=39%, list=16%, signal=33%","107/108/109/196883/111/112/113/114/115/9370/51094/79602/207/84335/208/10000/26060/1386/468/1388/60673/9776/9474/581/814/10645/847/1385/10488/90993/64764/84699/148327/9586"
"hsa04725","hsa04725","Cholinergic synapse",112,0.61612838529968,1.82755465099145,6.72578025779551e-09,5.12076451445795e-08,1.43204412187512e-08,7843,"tags=62%, list=28%, signal=45%","43/107/108/109/196883/111/112/113/114/115/207/208/10000/468/596/773/774/775/776/778/779/815/816/817/818/814/1103/1128/1129/1131/1132/1133/1136/1137/8973/1139/1141/1143/1385/10488/90993/64764/84699/148327/9586/2353/2534/2767/2770/2771/2773/2775/2776/2782/2783/2784/59345/10681/2790/2791/55970/51764/54331/2785/2786/2787/2788/94235/2792/2793"
"hsa03320","hsa03320","PPAR signaling pathway",73,0.670741185370021,1.94181997024914,6.97616662925019e-09,5.19336849066403e-08,1.45234814035852e-08,6420,"tags=52%, list=23%, signal=40%","30/33/34/51/8309/8310/23205/81616/2180/2181/2182/51703/23305/9370/51129/335/336/116519/345/364/948/1374/1375/126129/1376/1593/1581/1582/1622/1962/2168/2169/2170/2167/2171/2172/2173/9415"
"hsa04962","hsa04962","Vasopressin-regulated water reabsorption",43,0.750087363006966,2.05278694632411,7.30657710469368e-09,5.32109419580953e-08,1.48806719065844e-08,5598,"tags=74%, list=20%, signal=60%","109/112/115/359/360/361/396/397/398/551/554/1385/10488/90993/64764/84699/148327/9586/1639/10540/51164/84516/10671/1778/1780/1781/51143/1783/79659/51626/8655/140735"
"hsa04060","hsa04060","Cytokine-cytokine receptor interaction",272,0.521369529613638,1.59726951526439,8.33093611215075e-09,5.93800765440532e-08,1.66058972896174e-08,9893,"tags=76%, list=36%, signal=50%","57007/51554/90/91/130399/92/93/94/268/269/9210/650/651/652/653/654/655/353500/656/657/658/659/6346/6356/6357/6358/6359/6360/6361/6362/6363/6347/6364/6366/6367/6368/6369/6370/10344/56477/6348/414062/6351/9560/6352/6354/6355/1230/2826/729230/1232/1233/1234/1235/1236/1237/10803/939/920/958/959/970/23529/1270/1271/64109/1435/1436/1437/1438/1439/1440/1441/1443/1489/6376/1524/2919/3627/6373/6387/10563/9547/58191/284340/2920/2921/6374/6372/3576/4283/3577/3579/2833/7852/643/10663/10148/1896/60401/10913/2056/2057/355/356/2662/10220/9518/2658/9573/8200/392255/151449/2661/2689/2690/3439/3454/3455/3456/338376/3458/3459/3460/56832/282618/282616/282617/163702/3586/3587/3588/3589/3590/3592/3593/3594/3595/3596/3597/3598/3600/3601/3603/3605/27190/27189/53342/112744/23765/55540/84818/132014/3606/8809/8807/29949/3552/3553/84639/3554/7850/3556/9173/8808/3557/3558/50604/53832/53833/59067/50615/50616/58985/51561/149233/11009/55801/246778/9466/3559/3560/3561/133396/9235/90865/146433/27179/27177/56300/26525/27178/3563/3565/3566/3567/3568/3569/3570/3572/3574/3575/3581/3623/3624/3625/3626/83729"
"hsa00061","hsa00061","Fatty acid biosynthesis",18,0.886880584581639,2.10355309962164,1.05019643057453e-08,7.15942816521363e-08,2.00216529993406e-08,222,"tags=56%, list=1%, signal=55%","31/32/23205/81616/197322/2180/2181/2182/51703/23305"
"hsa00650","hsa00650","Butanoate metabolism",27,0.817464270760732,2.1024656208815,1.06156004193589e-08,7.15942816521363e-08,2.00216529993406e-08,678,"tags=48%, list=2%, signal=47%","65985/18/35/38/39/116285/123876/348158/6296/341392/54988/142827/7915"
"hsa05120","hsa05120","Epithelial cell signaling in Helicobacter pylori infection",69,0.678602121240382,1.9545557953579,1.06857136794233e-08,7.15942816521363e-08,2.00216529993406e-08,4604,"tags=51%, list=17%, signal=42%","102/6868/537/535/23545/50617/533/527/9114/245972/8992/155066/523/525/526/528/245973/51382/529/90423/9296/9550/534/51606/836/6352/998/1147/1445/2919/2920/2921/3576/3577/3579"
"hsa04610","hsa04610","Complement and coagulation cascades",85,0.645199919333113,1.88933256293779,1.18317846616629e-08,7.77185855226875e-08,2.1734341277358e-08,6952,"tags=67%, list=25%, signal=50%","2/623/624/712/713/714/715/716/717/718/719/720/721/722/725/727/728/729/730/731/732/733/735/4179/1604/966/629/1675/3075/3078/3080/10878/10877/81494/3426/1191/1361/1378/1379/1380/2159/2160/2161/2162/2165/2147/2149/2151/9002/2152/2153/2155/2157/2158/2243/2244/2266"
"hsa05163","hsa05163","Human cytomegalovirus infection",209,0.53842003034343,1.64373832854116,1.31098444446305e-08,8.44576517106004e-08,2.36189505176542e-08,7843,"tags=49%, list=28%, signal=35%","107/108/109/196883/111/112/113/114/115/11214/207/208/10000/9138/9826/23365/1386/468/1388/567/578/581/9564/637/801/805/808/810/91860/51806/163688/811/836/841/842/6347/6348/414062/6351/9560/6352/595/1230/1232/1234/1019/1021/1026/1029/115004/1147/1385/10488/90993/64764/84699/148327/9586/1398/1399/1499/6376/6387/3576/3579/7852/54205/1869/1870/1871/1956/1978/2002/8772/355/356/2767/2768/10672/2770/2771/2773/2775/2776/2778/2782/2783/2784/59345/10681/2790/2791/55970/51764/54331/2785/2786/2787/2788/94235/2792/2793"
"hsa04061","hsa04061","Viral protein interaction with cytokine and cytokine receptor",97,0.632214917231751,1.86653075811243,1.96343152978621e-08,1.24103691033656e-07,3.4706138262358e-08,4608,"tags=60%, list=17%, signal=50%","57007/51554/6346/6356/6357/6358/6359/6360/6361/6362/6363/6347/6364/6366/6367/6368/6369/6370/10344/56477/6348/414062/6351/9560/6352/6354/6355/1230/2826/729230/1232/1233/1234/1235/1236/1237/10803/1435/1436/6376/1524/2919/3627/6373/6387/10563/9547/2920/2921/6374/6372/3576/4283/3577/3579/2833/7852/643"
"hsa04728","hsa04728","Dopaminergic synapse",129,0.587322904244172,1.75970473491918,2.15460006802367e-08,1.31234731415987e-07,3.67003647950443e-08,8187,"tags=56%, list=29%, signal=40%","111/207/208/10000/408/409/1386/468/1388/773/774/775/776/801/805/808/810/91860/51806/163688/50632/815/816/817/818/9575/1312/1385/10488/90993/64764/84699/148327/9586/1644/1812/1813/1815/1816/2353/2770/2771/2773/2774/2775/2776/2778/2782/2783/2784/59345/10681/2790/2791/55970/51764/54331/2785/2786/2787/2788/94235/2792/2793/2890/2891/2892/2893/2903/2904/2931/2932"
"hsa04020","hsa04020","Calcium signaling pathway",246,0.524246525020502,1.60366226854172,2.11572587926177e-08,1.31234731415987e-07,3.67003647950443e-08,8166,"tags=47%, list=29%, signal=34%","107/108/109/196883/113/114/115/135/136/148/147/146/153/154/155/185/444/487/488/489/490/491/492/493/552/553/623/624/401152/773/774/775/776/777/778/8913/8912/8911/779/801/805/808/810/91860/51806/163688/8536/57118/57172/815/816/817/818/814/844/845/886/887/952/1128/1129/1131/1133/1139/7852/10800/57105/1812/1816/1909/1910/1950/1956/2064/2065/2066/2149/2246/2255/8823/8822/8817/9965/2247/26281/26291/27006/8074/2249/2250/2252/2253/2254/2260/2263/2261/2264/2321/2324/2668/2767/9630/2769/2774/2776/2778/2902/2903/2904/2905/2906/116443/116444/2911/2915/2925"
"hsa04920","hsa04920","Adipocytokine signaling pathway",68,0.673590802403415,1.93920492445375,2.30777100111027e-08,1.38054158102132e-07,3.86074471990251e-08,655,"tags=22%, list=2%, signal=22%","32/23205/81616/2180/2181/2182/51703/23305/9370/51094/79602/181/207/208/10000"
"hsa04072","hsa04072","Phospholipase D signaling pathway",147,0.575936166496655,1.73369969210682,2.54890281907171e-08,1.49803937612109e-07,4.18933242654446e-08,8160,"tags=45%, list=29%, signal=32%","107/108/109/196883/111/112/113/114/115/10554/10555/56894/56895/55326/183/185/207/208/10000/375/382/551/552/553/554/3576/3577/3579/9267/9266/9265/27128/1606/1607/8527/8526/1608/160851/9162/139189/1609/8525/1759/1785/26052/1950/1956/2147/2149/2205/2207/2534/2549/9846/2768/10672/2778/2885/2911/2912/2913/2914/2915/2916/2917/2918"
"hsa04721","hsa04721","Synaptic vesicle cycle",76,0.654285555086473,1.90776102659512,4.08116641042731e-08,2.35722542671232e-07,6.59208367564483e-08,4248,"tags=46%, list=15%, signal=39%","160/161/163/1173/1175/535/23545/50617/533/527/9114/245972/8992/155066/523/525/526/528/245973/51382/529/90423/9296/9550/534/51606/773/774/1211/1212/1213/8218/10815/10814/339302"
"hsa05100","hsa05100","Bacterial invasion of epithelial cells",77,0.643933002228997,1.8780087646149,6.58757568527522e-08,3.74040314333423e-07,1.04602004636841e-07,5977,"tags=53%, list=22%, signal=42%","60/71/10097/10096/57180/653857/79658/26084/10552/10095/10109/10094/10093/10092/81873/9564/857/858/859/867/23607/998/999/1211/1212/1213/8218/1398/1399/1495/1496/29119/1499/2017/1759/1785/26052/1793/9844/63916/79767"
"hsa04136","hsa04136","Autophagy - other",32,0.771248142324753,2.03996711801874,7.34115101394753e-08,4.0988093161207e-07,1.14624989516023e-07,1881,"tags=56%, list=7%, signal=53%","83734/60673/9140/9776/55054/23130/55102/64422/115201/23192/84938/84971/9474/10533/79065/285973/8678/441925"
"hsa04924","hsa04924","Renin secretion",67,0.662711229076323,1.90362349766136,9.56749281662255e-08,5.16953240898154e-07,1.44568227619594e-07,5687,"tags=48%, list=20%, signal=38%","1636/111/112/116/117/134/153/154/155/183/185/358/775/776/778/779/801/805/808/810/91860/51806/163688/1179/9635/22802/1385/1508/1906/1907/1908/1909"
"hsa04613","hsa04613","Neutrophil extracellular trap formation",174,0.547663531026635,1.66470036342807,9.50948710871781e-08,5.16953240898154e-07,1.44568227619594e-07,8556,"tags=66%, list=31%, signal=46%","60/71/177/207/208/10000/366/10533/566/718/727/728/820/834/837/1182/1183/1184/64581/1378/1379/1511/1535/1536/1991/2209/2212/2214/2215/2243/2244/2266/2357/2358/2359/2811/79792/8969/85235/8329/8331/8332/8336/8337/723790/8338/317772/8335/8334/3013/3012/55766/3014/3015/94239/255626/8346/8970/85236/8340/8342/8341/8348/440689/8349/3018/8347/3017/8344/8343/8339/8345/158983/286436/3020/3021/8290/440093/8350/8357/8354/8356/653604/126961/8358/8352/8353/8968/8355/8359/8363/8362/8368/8370/554313/8366/8364/8360/8367/8361/8365/8294/8520/3065/83933/79885/3066/8841/9759/10014/10013/51564/55869/9734"
"hsa00561","hsa00561","Glycerolipid metabolism",62,0.667352109618572,1.91278862263883,1.41019077675298e-07,7.49863349543253e-07,2.0970255493904e-07,5059,"tags=47%, list=18%, signal=38%","7920/55750/10554/10555/56894/56895/55326/10327/231/57016/441282/219/217/224/501/223/1056/8694/84649/1606/1607/8527/8526/1608/160851/9162/139189/1609/8525"
"hsa05166","hsa05166","Human T-cell leukemia virus 1 infection",217,0.519053205174675,1.58470912460024,3.49488567989441e-07,1.82935422306973e-06,5.11586884063491e-07,4399,"tags=34%, list=16%, signal=29%","107/108/109/196883/111/112/113/114/115/207/208/10000/64682/10393/51529/25847/25906/119504/29882/29945/51433/51434/1386/468/1388/472/545/567/581/598/701/9184/811/821/8900/890/9133/595/894/896/898/9134/915/916/917/920/958/8881/991/8697/246184/996/1017/1019/1026/1029/1030/1031/1111/11200/1147/1385/10488/90993/64764/84699/148327/9586/1387/23373/200186/64784/1437"
"hsa04922","hsa04922","Glucagon signaling pathway",100,0.602643284545907,1.78369729934172,3.62670927669249e-07,1.86915016567997e-06,5.22715992916002e-07,4362,"tags=31%, list=16%, signal=26%","31/32/108/207/208/10000/1386/468/801/805/808/810/91860/51806/163688/815/816/817/818/1374/1375/126129/1385/10488/90993/64764/84699/148327/9586/1387/200186"
"hsa04913","hsa04913","Ovarian steroidogenesis",48,0.699388678654985,1.94967234486895,4.07389968065203e-07,2.06781271669459e-06,5.78272841432266e-07,4692,"tags=48%, list=17%, signal=40%","641371/10965/122970/107/108/109/196883/111/112/113/114/115/8644/240/9210/654/1081/1583/1586/1588/1543/1545/1573"
"hsa04371","hsa04371","Apelin signaling pathway",138,0.563909181257212,1.69072201047894,4.41578008949772e-07,2.20789004474886e-06,6.17446076928983e-07,3247,"tags=23%, list=12%, signal=21%","59/107/55811/108/109/196883/111/112/113/114/115/185/207/208/10000/100506013/8862/187/8678/441925/4207/801/805/808/810/91860/51806/163688/814/1490/595/999"
"hsa04979","hsa04979","Cholesterol metabolism",50,0.685991845176679,1.9141234226832,4.7702682300877e-07,2.31973913462005e-06,6.4872516254889e-07,1082,"tags=32%, list=4%, signal=31%","19/8647/64240/64241/27329/51129/55908/335/336/337/338/341/344/345/348/350"
"hsa04670","hsa04670","Leukocyte transendothelial migration",111,0.585660415015334,1.73640420079912,4.77797015787413e-07,2.31973913462005e-06,6.4872516254889e-07,4632,"tags=39%, list=17%, signal=32%","60/71/87/81/4301/2909/394/9564/4267/83692/998/1003/9076/9071/5010/9069/23562/24146/10686/51208/149461/9075/49861/137075/100132463/644672/1365/100288814/1364/7122/9074/1366/9073/9080/1495/1496/29119/1499/1500/6387/7852/1535/1536"
"hsa05170","hsa05170","Human immunodeficiency virus 1 infection",197,0.528820894495697,1.612334271297,4.98586968765684e-07,2.38609477909292e-06,6.67281807821742e-07,7843,"tags=49%, list=28%, signal=35%","207/208/10000/162/164/8906/8907/10053/1174/8905/130340/200315/9582/27350/140564/200316/60489/164668/472/545/567/572/578/581/596/598/637/684/8945/801/805/808/810/91860/51806/163688/811/836/841/842/891/9133/85417/1234/919/915/916/917/920/995/983/1072/1073/115004/1111/1147/1398/1399/8454/8451/8450/8065/7852/54205/9730/1642/6923/6921/8772/355/356/23291/2353/2767/2770/2771/2773/2775/2776/2782/2783/2784/59345/10681/2790/2791/55970/51764/54331/2785/2786/2787/2788/94235/2792/2793"
"hsa05415","hsa05415","Diabetic cardiomyopathy",186,0.530416951055322,1.6136233272671,5.41200242872162e-07,2.55355044172077e-06,7.14111513945477e-07,4635,"tags=29%, list=17%, signal=24%","1636/177/183/185/207/208/10000/487/488/489/498/506/509/513/514/516/517/518/515/10476/522/539/815/816/817/818/948/1215/1277/1278/1281/1327/84701/9377/1329/1337/1339/1340/125965/1345/1346/1347/9167/1349/170712/1350/1351/341947/1375/1376/1509/1535/1536/1537"
"hsa04110","hsa04110","Cell cycle",157,0.547320782514921,1.65251573262143,5.77601318403492e-07,2.68745057868292e-06,7.51557271022088e-07,3619,"tags=37%, list=13%, signal=32%","25/64682/10393/51529/25847/25906/119504/29882/29945/51433/51434/472/545/546/9212/699/701/9184/8900/890/891/9133/85417/595/894/896/898/9134/902/8556/8555/8881/991/8697/993/994/995/246184/996/8318/990/8317/113130/983/1017/1019/1021/1022/1026/1027/1028/1029/1030/1031/1032/81620/1111/11200"
"hsa04724","hsa04724","Glutamatergic synapse",113,0.574240954141348,1.70375904645547,6.14915863228682e-07,2.82187416687135e-06,7.89149413516261e-07,8160,"tags=58%, list=29%, signal=41%","107/108/109/196883/111/112/113/114/115/773/775/776/1742/9229/2744/27165/2752/2770/2771/2773/2775/2776/2778/2782/2783/2784/59345/10681/2790/2791/55970/51764/54331/2785/2786/2787/2788/94235/2792/2793/2890/2891/2892/2893/2897/2898/2899/2900/2901/2902/2903/2904/2905/2906/116443/116444/156/157/2911/2912/2913/2914/2915/2916/2917/2918"
"hsa04215","hsa04215","Apoptosis - multiple species",32,0.744622416226692,1.96954152766374,7.93146048114649e-07,3.5905935961947e-06,1.00412515337417e-06,2746,"tags=62%, list=10%, signal=56%","317/578/581/27113/596/598/10018/8678/441925/637/329/330/332/57448/79444/666/836/840/841/842"
"hsa04640","hsa04640","Hematopoietic cell lineage",93,0.602812013557766,1.77468009055885,8.96536650670858e-07,4.0045303729965e-06,1.11988437768009e-06,10095,"tags=92%, list=36%, signal=59%","290/929/930/909/910/911/912/913/914/933/100133941/945/947/948/951/952/915/916/917/920/960/921/1604/966/924/925/926/927/928/1378/1379/1380/1435/1436/1437/1438/1440/1441/1791/2056/2057/2208/2209/2322/2323/2811/2814/2815/3108/3109/3111/3112/3113/3115/3117/3118/3119/3122/3123/3127/3589/3590/3552/3553/3554/7850/3559/3563/3565/3566/3567/3568/3569/3570/3574/3575/3581/3672/3673/3674/3675/3676/3678/3655/3684/3690"
"hsa04961","hsa04961","Endocrine and other factor-regulated calcium reabsorption",51,0.678554616761328,1.89770207751691,9.121831194324e-07,4.02080717118229e-06,1.12443625525601e-06,3920,"tags=47%, list=14%, signal=40%","112/115/160/161/163/1173/1175/476/477/478/480/481/482/483/490/491/492/493/624/793/1211/1212/1213/8218"
"hsa00330","hsa00330","Arginine and proline metabolism",49,0.691273600142632,1.92694872646676,9.24212248655129e-07,4.02092341947361e-06,1.12446876459749e-06,3959,"tags=43%, list=14%, signal=37%","79814/5832/219/217/224/8659/501/223/262/26/383/384/113451/57571/1152/1158/548596/1159/1160/84735/55748"
"hsa01522","hsa01522","Endocrine resistance",95,0.591531207799832,1.74290005601554,1.19247264396135e-06,5.12151712470579e-06,1.43225459261214e-06,6266,"tags=40%, list=23%, signal=31%","8647/107/108/109/196883/111/112/113/114/115/207/208/10000/369/572/581/596/638/673/10498/595/1019/1026/1027/1029/1031/1565/1564/28514/10683/54567/1869/1870/1871/1956/2064/2099/2100"
"hsa04975","hsa04975","Fat digestion and absorption",42,0.70147750420815,1.91569578601029,1.39665208750774e-06,5.92251201664674e-06,1.65625630630498e-06,1062,"tags=24%, list=4%, signal=23%","19/64240/64241/38/39/10554/10555/335/337/338"
"hsa04912","hsa04912","GnRH signaling pathway",91,0.601416865663985,1.76974338680906,1.45507255200168e-06,6.09311631150704e-06,1.70396654115986e-06,3568,"tags=30%, list=13%, signal=26%","107/108/109/196883/111/112/113/114/115/468/775/776/778/779/801/805/808/810/91860/51806/163688/815/816/817/818/998/1081"
"hsa04973","hsa04973","Carbohydrate digestion and absorption",43,0.698856177743762,1.91258100027081,1.65028394946185e-06,6.82524843295948e-06,1.90871048085906e-06,2553,"tags=35%, list=9%, signal=32%","207/208/10000/276/277/279/280/476/477/478/480/481/482/483/776"
"hsa00601","hsa00601","Glycosphingolipid biosynthesis - lacto and neolacto series",27,0.763295613838976,1.96314731305951,2.00803726723632e-06,8.20356688444106e-06,2.29416324498116e-06,1721,"tags=56%, list=6%, signal=52%","53947/28/8706/8708/8707/10317/10678/10331/79369/84002/124872/2683/8704/8703/8702"
"hsa04810","hsa04810","Regulation of actin cytoskeleton",223,0.510677406943289,1.55932290079278,2.04852136488752e-06,8.26812840044961e-06,2.31221815440696e-06,6950,"tags=39%, list=25%, signal=29%","10152/60/71/87/81/10097/10096/57180/653857/207/208/10000/324/10297/369/2909/9138/23365/50649/9459/8874/10552/10095/10109/10094/10093/10092/81873/10458/9564/623/624/673/55845/727/729/730/731/732/733/735/998/1072/1073/1128/1129/1131/1132/1133/1398/1399/6387/7852/23191/26999/1729/1730/81624/1793/1950/1956/55740/7430/2147/2149/2245/89846/2246/2255/8823/8822/8817/9965/2247/26281/26291/27006/8074/2249/2250/2252/2253/2254/2260/2263/2261/2264"
"hsa00640","hsa00640","Propanoate metabolism",32,0.731465204070927,1.93474043228392,2.14233157369874e-06,8.54382234748902e-06,2.3893171686615e-06,1825,"tags=38%, list=7%, signal=35%","18/31/32/35/51/8310/84532/55902/79611/4329/593/594"
"hsa05214","hsa05214","Glioma",75,0.617246553469571,1.79204813612075,2.81014969867969e-06,1.1075295871267e-05,3.09725477625378e-06,5802,"tags=44%, list=21%, signal=35%","207/208/10000/369/578/581/673/801/805/808/810/91860/51806/163688/8536/57118/57172/815/816/817/818/814/595/1019/1021/1026/1029/1643/1869/1870/1871/1950/1956"
"hsa04918","hsa04918","Thyroid hormone synthesis",72,0.618616660565791,1.78702218321993,3.37917696673557e-06,1.3040799700398e-05,3.64691649123463e-06,4314,"tags=43%, list=16%, signal=36%","107/108/109/196883/111/112/113/114/115/213/432/433/1386/468/1388/476/477/478/480/481/482/483/821/1081/1385/10488/90993/64764/84699/148327/9586"
"hsa05323","hsa05323","Rheumatoid arthritis",88,0.594195165482419,1.74525660613897,3.38671514607351e-06,1.3040799700398e-05,3.64691649123463e-06,4601,"tags=50%, list=17%, signal=42%","54/284/537/535/23545/50617/533/527/9114/245972/8992/155066/523/525/526/528/245973/51382/529/90423/9296/9550/534/51606/6347/6364/6348/414062/6352/940/941/942/1435/1437/1493/1513/1514/2919/6387/2920/2921/6374/6372/3576"
"hsa05031","hsa05031","Amphetamine addiction",67,0.626067349241282,1.7983647550312,4.52529326501022e-06,1.72269686793003e-05,4.81759689696065e-06,8547,"tags=66%, list=31%, signal=46%","111/23237/1386/468/1388/775/776/801/805/808/810/91860/51806/163688/815/816/817/818/814/1385/10488/90993/64764/84699/148327/9586/1644/1812/2353/2354/2778/2890/2891/2892/2893/2902/2903/2904/2905/2906/116443/116444/3065/3066"
"hsa04213","hsa04213","Longevity regulating pathway - multiple species",60,0.636029445685491,1.81465273403963,5.94666016427463e-06,2.23834961239551e-05,6.25964227818382e-06,1487,"tags=23%, list=5%, signal=22%","107/108/109/196883/111/112/113/114/115/207/84335/208/10000/9474"
"hsa04144","hsa04144","Endocytosis",250,0.484949950813293,1.48324050637265,6.1178559914491e-06,2.27720195237272e-05,6.36829454080666e-06,6170,"tags=38%, list=22%, signal=30%","9744/23527/116983/10097/10096/57180/653857/116987/116986/116988/119016/729092/414189/642517/273/160/161/163/1173/1175/116985/116984/64411/375/377/378/381/382/55738/84364/26286/10565/10564/10552/10095/10109/10094/10093/10092/81873/408/409/50807/8853/55616/274/829/830/93661/832/857/858/859/867/868/23624/1234/998/5119/57132/27243/25978/51652/29082/128866/92421/51510/79643/91782/1211/1212/1213/8218/3577/3579/7852/9267/9266/9265/27128/1601/9829/1759/1785/26052/8411/1956/10938/30846/30845/30844/29924/22905/55040/2060/58513"
"hsa00592","hsa00592","alpha-Linolenic acid metabolism",25,0.764664012539559,1.93760668316625,6.24368647402831e-06,2.29849996571372e-05,6.4278553636613e-06,199,"tags=12%, list=1%, signal=12%","30/51/8310"
"hsa01232","hsa01232","Nucleotide metabolism",83,0.5889911012635,1.72433764749435,7.46593294937822e-06,2.68934143875452e-05,7.52086058284846e-06,6105,"tags=49%, list=22%, signal=39%","100/51816/132/158/122622/159/203/204/50808/205/26289/102157402/122481/158067/221264/270/271/272/353/8623/124583/978/51727/129607/1503/56474/1633/1635/79077/1716/1841/1854/5167/5169/953/954/956/9583/957/955/377841"
"hsa04015","hsa04015","Rap1 signaling pathway",208,0.504791819506352,1.54207015317157,7.43332459996087e-06,2.68934143875452e-05,7.52086058284846e-06,8131,"tags=42%, list=29%, signal=30%","60/71/107/108/109/196883/111/112/113/114/115/135/136/4301/207/208/10000/284/285/51378/54518/64411/9564/673/801/805/808/810/91860/51806/163688/998/999/1268/1398/1399/1435/1436/1499/1500/9732/1813/1942/1943/1944/1945/1946/1950/1956/55740/1969/51466/2149/9002/9855/2246/2255/8823/8822/8817/9965/2247/26281/26291/27006/8074/2249/2250/2252/2253/2254/2260/2263/2261/2264/2321/2324/2357/2533/2770/2771/2773/2775/2776/2778/2902/2903/2904"
"hsa04926","hsa04926","Relaxin signaling pathway",127,0.548483046379312,1.64032402505505,7.90541736702454e-06,2.81735618931194e-05,7.87885941394383e-06,7843,"tags=48%, list=28%, signal=35%","59/107/108/109/196883/111/112/113/114/115/207/208/10000/408/409/1386/468/1388/1277/1278/1281/1282/1284/1285/1286/1287/1288/1385/10488/90993/64764/84699/148327/9586/1906/1910/1956/2353/2769/2770/2771/2773/2775/2778/2782/2783/2784/59345/10681/2790/2791/55970/51764/54331/2785/2786/2787/2788/94235/2792/2793"
"hsa00410","hsa00410","beta-Alanine metabolism",31,0.728571223625802,1.91892441792875,8.37550663018518e-06,2.9227028344917e-05,8.17346590007107e-06,991,"tags=48%, list=4%, signal=47%","18/35/51/8310/219/217/218/224/221/222/4329/501/223/314/8639"
"hsa05150","hsa05150","Staphylococcus aureus infection",84,0.594432704845361,1.74089741089682,8.31066034995807e-06,2.9227028344917e-05,8.17346590007107e-06,10844,"tags=93%, list=39%, signal=57%","712/713/714/715/716/717/718/719/720/721/727/728/820/629/1675/3075/3426/1668/1669/1670/1671/1672/1673/100289462/1828/2204/2209/2212/2213/9103/2214/2215/2266/2357/2358/2359/3108/3109/3111/3112/3113/3115/3117/3118/3119/3122/3123/3127/3383/3586/3683/3684/3689/3858/3859/3860/3861/3866/3868/3872/3875/3880/54474/25984/192666/342574/162605/3881/3882/3883/3884/3885/8689/8688/8687/390792/125115/3857"
"hsa04928","hsa04928","Parathyroid hormone synthesis, secretion and action",105,0.567700411866143,1.67887053009472,9.38006599429821e-06,3.23950732792773e-05,9.05942347794401e-06,7818,"tags=46%, list=28%, signal=33%","107/108/109/196883/111/112/113/114/115/11214/369/9138/9826/408/409/1386/468/1388/596/632/673/846/1026/1385/10488/90993/64764/84699/148327/9586/1591/1594/1956/1958/8074/2260/2353/2625/8521/9247/2767/2768/10672/2770/2771/2773/2776/2778"
"hsa05130","hsa05130","Pathogenic Escherichia coli infection",195,0.500165157570077,1.52425554521167,9.52689765214098e-06,3.25664358517064e-05,9.10734576842693e-06,4750,"tags=34%, list=17%, signal=28%","10061/10006/25/60/71/10097/10096/57180/653857/375/382/9138/9826/23365/9181/10552/10095/10109/10094/10093/10092/81873/10458/55971/578/581/55845/834/836/837/840/841/842/998/1147/9076/9071/5010/9069/23562/24146/10686/51208/149461/9075/49861/137075/100132463/644672/1365/100288814/1364/7122/9074/1366/9073/9080/2017/3576/54205/23191/26999/9267/9266/9265/27128"
"hsa04723","hsa04723","Retrograde endocannabinoid signaling",138,0.537143834616538,1.61047369712005,9.72431991742845e-06,3.29055269933185e-05,9.20217408454154e-06,8154,"tags=48%, list=29%, signal=34%","57406/107/108/109/196883/111/112/113/114/115/773/774/775/776/778/779/1268/747/221955/2166/2554/2555/2556/2557/2558/2560/2561/2562/2563/2564/2565/2566/2567/2568/55879/2569/2570/200959/2770/2771/2773/2775/2776/2782/2783/2784/59345/10681/2790/2791/55970/51764/54331/2785/2786/2787/2788/94235/2792/2793/2890/2891/2892/2893/2911/2915"
"hsa05412","hsa05412","Arrhythmogenic right ventricular cardiomyopathy",77,0.597031677853886,1.7412226425438,1.04308976655215e-05,3.49435071794969e-05,9.77210412875168e-06,5490,"tags=49%, list=20%, signal=40%","60/71/88/89/487/488/489/775/776/778/779/781/9254/55799/93589/782/783/784/785/786/10369/10368/27092/27091/59285/59284/59283/1000/1495/1496/29119/1499/1605/1674/1756/1824/1829/1832"
"hsa04726","hsa04726","Serotonergic synapse",110,0.551920605585536,1.63515505602553,1.07361345199614e-05,3.56099511305649e-05,9.95847808521689e-06,10340,"tags=71%, list=37%, signal=45%","111/239/242/246/247/240/351/369/673/773/774/775/776/778/779/836/1562/1557/1558/1559/1565/1564/1573/260293/1644/1843/2560/2561/2562/2770/2771/2773/2775/2776/2778/2782/2783/2784/59345/10681/2790/2791/55970/51764/54331/2785/2786/2787/2788/94235/2792/2793/3265/3350/3351/3352/3354/3355/3356/3357/3358/3359/9177/170572/285242/3360/3362/3363/3708/3709/3710/8681/3751/3760/3762/3763/3765/3781"
"hsa00590","hsa00590","Arachidonic acid metabolism",59,0.629880629158757,1.79379112132086,1.1553541420755e-05,3.79454546662051e-05,1.06116118312404e-05,4726,"tags=32%, list=17%, signal=27%","8644/239/242/246/247/240/59344/873/874/1555/1557/1558/1559/1571/1573/113612/8529/4051/11283"
"hsa05218","hsa05218","Melanoma",70,0.605255666453923,1.7455632210949,1.22211710196586e-05,3.97484688503459e-05,1.11158326085806e-05,7375,"tags=57%, list=27%, signal=42%","207/208/10000/369/572/578/581/673/595/999/1019/1021/1026/1029/1643/1869/1870/1871/1950/1956/2246/2255/8823/8822/8817/9965/2247/26281/26291/27006/8074/2249/2250/2252/2253/2254/2260/1647/4616/10912"
"hsa01200","hsa01200","Carbon metabolism",111,0.556154501930481,1.6489231450279,1.27137206790216e-05,4.09528502641561e-05,1.14526431217907e-05,9312,"tags=53%, list=34%, signal=35%","35/38/39/48/50/51/8310/84532/55902/128/83440/189/4329/226/229/230/275/847/1373/1431/1737/1738/1743/1892/2023/2026/2027/387712/2098/2203/8789/2271/2539/2597/2645/2653/2731/2746/2747/132158/2805/2806/2821/2875/84706/9563/54363/51179/26275/3098/3099/3101/80201/3417/3418/3419/3420/3421/414328"
"hsa05016","hsa05016","Huntington disease",291,0.472260033429568,1.44915330853795,1.28518853282803e-05,4.10036341426087e-05,1.14668450548065e-05,5322,"tags=32%, list=19%, signal=26%","55860/10121/10120/11047/55626/160/161/163/1173/1175/317/60673/9776/22863/23130/55102/498/506/509/513/514/516/517/518/515/10476/522/539/581/27113/627/8678/441925/774/836/841/842/1211/1212/1213/8218/1327/84701/9377/1329/1337/1339/1340/125965/1345/1346/1347/9167/1349/170712/1350/1351/341947/1385/10488/90993/64764/84699/148327/9586/1387/1537/54205/1639/10540/11258/51164/84516/10671/1742/25981/196385/8701/201625/127602/8632/146754/55567/1767/1768/56171/1769/1770/27019/64446/83544/10126/7802"
"hsa04915","hsa04915","Estrogen signaling pathway",132,0.541359813978677,1.62174516544044,1.53110829960346e-05,4.83888000346377e-05,1.35321388942113e-05,10844,"tags=70%, list=39%, signal=43%","107/108/109/196883/111/112/113/114/115/207/208/10000/1386/468/1388/596/801/805/808/810/91860/51806/163688/1385/10488/90993/64764/84699/148327/9586/1509/9166/1956/2099/2100/2288/2289/2353/2550/9568/2770/2771/2773/2775/2776/2778/2852/2885/2911/1839/3265/3320/3326/7184/3303/3304/3305/3310/3312/3708/3709/3710/3725/3760/3762/3763/3765/3845/3858/3859/3860/3861/3866/3868/3872/3875/3880/54474/25984/192666/342574/162605/3881/3882/3883/3884/3885/8689/8688/8687/390792/125115/3857"
"hsa05410","hsa05410","Hypertrophic cardiomyopathy",90,0.575293351854927,1.69218232267947,1.75063178472968e-05,5.48094998022843e-05,1.53277155770725e-05,2577,"tags=31%, list=9%, signal=28%","1636/60/70/71/183/487/488/489/775/776/778/779/781/9254/55799/93589/782/783/784/785/786/10369/10368/27092/27091/59285/59284/59283"
"hsa04152","hsa04152","AMPK signaling pathway",119,0.5356437500065,1.59119383303176,2.5809286471244e-05,8.00565830358031e-05,2.23881724750557e-05,7331,"tags=34%, list=26%, signal=25%","31/32/9370/51094/79602/148/207/84335/208/10000/51719/81617/10645/8900/890/595/948/1080/1149/1374/1375/126129/1385/10488/90993/64764/84699/148327/9586/200186/1938/29904/1978/1994/2194/2203/8789/2308/2309/57818/92579"
"hsa05020","hsa05020","Prion disease",255,0.470405365960402,1.4391294956933,2.63891957419501e-05,8.11044089316815e-05,2.26812015551285e-05,4636,"tags=29%, list=17%, signal=24%","11047/317/1386/468/1388/498/506/509/513/514/516/517/518/515/10476/522/539/572/581/712/713/714/727/729/730/731/732/733/735/774/775/776/778/779/100506742/836/842/857/858/859/6352/1327/84701/9377/1329/1337/1339/1340/125965/1345/1346/1347/9167/1349/170712/1350/1351/341947/1385/10488/90993/64764/84699/148327/9586/1457/1459/283106/1460/1535/1536/1537/54205"
"hsa00630","hsa00630","Glyoxylate and dicarboxylate metabolism",29,0.710117508599177,1.84942671518893,2.79218173515934e-05,8.50346255707617e-05,2.37803037731274e-05,790,"tags=31%, list=3%, signal=30%","38/39/48/50/84532/55902/125061/189/275"
"hsa05416","hsa05416","Viral myocarditis",57,0.61848229482383,1.75221875733984,2.95091909146526e-05,8.9059269877555e-05,2.49058131000861e-05,8737,"tags=74%, list=31%, signal=51%","25/27/60/71/637/836/841/842/857/595/940/958/959/1604/941/942/1525/54205/1605/1756/1981/1982/8672/2534/3105/3106/3107/3108/3109/3111/3112/3113/3115/3117/3118/3119/3122/3123/3127/3133/3134/3135"
"hsa05207","hsa05207","Chemical carcinogenesis - receptor activation",193,0.498095998006104,1.51806507051276,3.39903816443634e-05,0.000101667659382694,2.84318041950032e-05,8216,"tags=53%, list=30%, signal=37%","107/108/109/196883/111/112/113/114/115/153/154/155/196/9049/23746/207/208/10000/367/405/408/409/1386/468/1388/572/596/604/332/773/774/775/776/778/779/595/896/993/990/1136/1137/1139/55584/1141/1143/1385/10488/90993/64764/84699/148327/9586/1543/1544/1545/1555/1576/28514/10683/54567/1869/1950/1956/1978/2052/2053/79852/253152/2099/2100/2255/8823/8822/8817/2247/26281/27006/2249/2250/2252/2253/2254/2353/2770/2771/2773/2778/2885/2938/2939/2940/2941/221357/2944/2946/2947/2948/2949/9446/119391/2953/653689"
"hsa00380","hsa00380","Tryptophan metabolism",42,0.661322020767868,1.80603340916958,3.48865524242615e-05,0.000103424735063076,2.89231780694856e-05,5823,"tags=60%, list=21%, signal=47%","51166/15/38/39/130013/125061/219/217/224/501/64577/223/26/316/438/847/1543/1544/1545/1644/55526/1738/1743/1892/1962"
"hsa04722","hsa04722","Neurotrophin signaling pathway",119,0.531778155794859,1.57971062302419,3.99682217101818e-05,0.000117450476078166,3.28455376935012e-05,2637,"tags=22%, list=9%, signal=20%","25/207/208/10000/396/397/398/468/572/581/596/627/27018/673/801/805/808/810/91860/51806/163688/815/816/817/818/814"
"hsa04014","hsa04014","Ras signaling pathway",231,0.479665767611473,1.46694760847558,4.46202127682067e-05,0.000129980619803037,3.6349647014832e-05,8131,"tags=37%, list=29%, signal=27%","25/27/4301/207/208/10000/284/285/51378/382/572/598/627/8315/801/805/808/810/91860/51806/163688/998/1147/1435/1436/1942/1943/1944/1945/1946/1950/1956/2002/1969/2113/2114/55770/356/2246/2255/8823/8822/8817/9965/2247/26281/26291/27006/8074/2249/2250/2252/2253/2254/2260/2263/2261/2264/2321/2322/2323/2324/4303/2549/9846/2782/2783/2784/59345/10681/2790/2791/55970/51764/54331/2785/2786/2787/2788/94235/2792/2793/2885/2902/2903/2904"
"hsa00250","hsa00250","Alanine, aspartate and glutamate metabolism",36,0.689817028935779,1.85263174824023,4.62568988014169e-05,0.00013358673360754,3.73581124621244e-05,8078,"tags=83%, list=29%, signal=59%","18/158/122622/159/189/64902/8659/7915/435/440/443/80150/445/790/1373/8528/2346/2571/2572/2673/9945/2744/27165/2746/2747/2752/2805/2806/2875/84706"
"hsa00510","hsa00510","N-Glycan biosynthesis",53,0.633493031627122,1.78700603098825,4.70156136641841e-05,0.000134617355363262,3.76463303293962e-05,5403,"tags=45%, list=19%, signal=37%","56052/84920/144245/440138/79087/79868/199857/85365/10195/29880/29929/79053/79796/2683/8704/8703/1603/1650/22845/57171/1798/8813/8818/54344"
"hsa05033","hsa05033","Nicotine addiction",39,0.677336620530496,1.83569646322986,4.78860137208819e-05,0.000135947581326233,3.80183338194335e-05,8135,"tags=90%, list=29%, signal=64%","773/774/1137/8973/1139/1141/2554/2555/2556/2557/2558/2560/2561/2562/2563/2564/2565/2566/2567/2568/55879/2569/2570/200959/2890/2891/2892/2893/2902/2903/2904/2905/2906/116443/116444"
"hsa00340","hsa00340","Histidine metabolism",22,0.75035755773159,1.85091203322817,5.026829268187e-05,0.000138031787282184,3.86011911016948e-05,3959,"tags=68%, list=14%, signal=59%","219/217/218/224/221/222/501/223/144193/26/443/138199/57571/84735/55748"
"hsa00350","hsa00350","Tyrosine metabolism",34,0.686396296454978,1.82622302650198,4.91362299020626e-05,0.000138031787282184,3.86011911016948e-05,994,"tags=38%, list=4%, signal=37%","124/125/126/127/128/130/131/218/221/222/314/8639/316"
"hsa00830","hsa00830","Retinol metabolism",66,0.591568570396412,1.69750354371909,5.01005523890008e-05,0.000138031787282184,3.86011911016948e-05,5088,"tags=53%, list=18%, signal=43%","124/125/126/127/128/130/131/216/8854/220/316/158835/53630/1543/1544/1592/56603/340665/339761/1548/1549/1555/1562/1558/1559/29785/54905/1576/1577/1551/8694/9249/10901/317749/10170"
"hsa04935","hsa04935","Growth hormone synthesis, secretion and action",116,0.535714380745421,1.59115173094192,4.96058030468511e-05,0.000138031787282184,3.86011911016948e-05,4407,"tags=28%, list=16%, signal=23%","107/55811/108/109/196883/111/112/113/114/115/207/208/10000/1386/468/1388/9564/775/776/778/779/1385/10488/90993/64764/84699/148327/9586/1387/1398/1399/1443"
"hsa05030","hsa05030","Cocaine addiction",48,0.636048098782408,1.77309903069546,5.39753675539064e-05,0.000147006082362266,4.11108918467922e-05,8151,"tags=71%, list=29%, signal=50%","111/1386/468/1388/627/1020/8851/1385/10488/90993/64764/84699/148327/9586/1644/1742/1812/1813/2354/2770/2771/2773/2778/26086/2891/2902/2903/2904/2905/2906/116443/116444/2912/2913"
"hsa01524","hsa01524","Platinum drug resistance",72,0.587284108142903,1.6965106115054,5.74523491194014e-05,0.000153972295639996,4.30590237610671e-05,8216,"tags=62%, list=30%, signal=44%","1244/207/208/10000/317/472/538/540/572/578/581/27113/596/598/637/329/330/332/672/836/841/842/1026/1029/54205/2064/2067/8772/355/356/2938/2939/2940/2941/221357/2944/2946/2947/2948/2949/9446/119391/2950/2953/653689"
"hsa04514","hsa04514","Cell adhesion molecules",153,0.515361300214521,1.5532834395093,5.73113238664553e-05,0.000153972295639996,4.30590237610671e-05,4027,"tags=35%, list=14%, signal=30%","214/23705/57863/914/933/10666/29126/80381/940/947/920/958/959/965/923/941/942/925/926/927/4267/83692/999/1013/1000/1001/1002/1003/9076/9071/5010/9069/23562/24146/10686/51208/149461/9075/49861/137075/100132463/644672/1365/100288814/1364/7122/9074/1366/9073/9080/1272/6900/8506/26047"
"hsa04115","hsa04115","p53 signaling pathway",74,0.580592243604052,1.68072591224518,6.09908451534248e-05,0.000162158199415852,4.53482474407252e-05,4888,"tags=46%, list=18%, signal=38%","575/84883/317/472/545/581/27113/596/598/637/836/841/842/891/9133/595/894/896/898/9134/900/901/3732/983/1017/1019/1021/1026/1029/1111/11200/64326/54205/1643"
"hsa00564","hsa00564","Glycerophospholipid metabolism",97,0.554971331903736,1.6384793092271,7.04316776228528e-05,0.000185784346485478,5.19554024735508e-05,7967,"tags=39%, list=29%, signal=28%","43/56985/10554/10555/56894/56895/55326/10423/1040/8760/10390/1103/1119/1120/56994/54675/1606/1607/8527/8526/1608/160851/9162/139189/1609/8525/55500/55224/64850/8443/57678/150763/84803/137964/56261/2819/23171/2820"
"hsa05152","hsa05152","Tuberculosis",164,0.503461665536999,1.52551057784539,7.2979111372264e-05,0.000191000018044597,5.34139877642393e-05,10154,"tags=62%, list=37%, signal=40%","207/208/10000/317/23365/537/535/23545/50617/533/527/9114/245972/51606/572/581/8915/596/637/718/801/805/808/810/91860/51806/163688/815/816/817/818/820/64170/843/836/841/842/929/30835/972/1051/1054/4261/26253/10332/64581/11151/1378/1379/1385/1387/1509/1520/54205/1594/8411/2033/8772/2207/2209/2212/2213/9103/2214/2215/3108/3109/3111/3112/3113/3115/3117/3118/3119/3122/3123/3127/3313/3329/3439/3456/3458/3459/3460/3586/3587/3588/3592/3593/3606/3552/3553/51561/3569/3654/3656/51135/3684/3687/3689/3716/3717"
"hsa04720","hsa04720","Long-term potentiation",65,0.602151523521163,1.72840569412765,8.9054904232345e-05,0.000231266611766167,6.46747162519682e-05,2637,"tags=28%, list=9%, signal=25%","107/114/369/468/673/775/801/805/808/810/91860/51806/163688/815/816/817/818/814"
"hsa04611","hsa04611","Platelet activation",122,0.524006807697413,1.56169181703991,9.03126644775811e-05,0.00023272878923069,6.50836205546941e-05,1203,"tags=15%, list=4%, signal=14%","60/71/107/108/109/196883/111/112/113/114/115/207/208/10000/54518/2909/9138/23365"
"hsa05208","hsa05208","Chemical carcinogenesis - reactive oxygen species",206,0.479945590878241,1.46591955496313,0.000100961609401092,0.00025818426831577,7.22023562611267e-05,4688,"tags=27%, list=17%, signal=22%","25/27/52/196/10327/1645/1646/8644/1109/207/208/10000/369/405/498/506/509/513/514/516/517/518/515/10476/522/539/572/673/847/873/1147/1327/84701/9377/1329/1337/1339/1340/125965/1345/1346/1347/9167/1349/170712/1350/1351/341947/1535/1537/1543/1544/1545/1571/1572"
"hsa04934","hsa04934","Cushing syndrome",152,0.506750728674462,1.52712404769539,0.000108379544893113,0.000275054148024189,7.6920091670551e-05,4666,"tags=40%, list=17%, signal=34%","107/108/109/196883/111/112/113/114/115/183/185/196/9049/23746/324/10297/79798/405/9070/1386/468/1388/8312/8313/673/775/776/778/8913/8912/8911/779/815/816/817/818/595/898/9134/1017/1019/1021/1026/1027/1029/1030/1031/1385/10488/90993/64764/84699/148327/9586/1392/1395/1499/1583/1584/1586/1589"
"hsa05417","hsa05417","Lipid and atherosclerosis",201,0.480162656520539,1.46540654481504,0.000111114072683765,0.000279873792098206,7.82679261484377e-05,4692,"tags=29%, list=17%, signal=25%","19/9619/177/207/208/10000/317/335/337/338/9138/468/22926/572/581/596/598/637/801/805/808/810/91860/51806/163688/815/816/817/818/834/836/839/840/841/842/6347/6348/414062/6352/929/948/958/959/998/1147/2919/2920/2921/3576/1535/1536/54205/1543/1548/1549/1555/1558/1559/1573"
"hsa04210","hsa04210","Apoptosis",135,0.517087687626534,1.54880843007109,0.000117587739189968,0.000293969347974919,8.22098098028839e-05,5109,"tags=39%, list=18%, signal=32%","60/71/9131/207/208/10000/317/468/472/572/578/581/27113/596/597/598/10018/637/329/330/332/823/824/843/100506742/835/836/839/840/841/842/8837/1147/1439/1508/1075/1509/8722/1512/1513/1514/1519/1520/1515/1521/1522/54205/153090/1616/1649/1676/1677/56616"
"hsa05014","hsa05014","Amyotrophic lateral sclerosis",347,0.442124310022534,1.3638431224475,0.000121299887990532,0.000301003425754283,8.41769203209149e-05,5322,"tags=28%, list=19%, signal=23%","60/71/55860/10121/10120/11047/57679/10189/55626/283/311/310/317/468/22926/60673/9776/22863/23130/55102/498/506/509/513/514/516/517/518/515/10476/522/539/6311/11273/572/581/596/598/8678/441925/637/203228/834/100506742/836/842/847/9973/400916/25978/1327/84701/9377/1329/1337/1339/1340/125965/1345/1346/1347/9167/1349/170712/1350/1351/341947/1537/54205/1616/1639/10540/11258/51164/84516/10671/1649/79139/25981/196385/8701/201625/127602/8632/146754/55567/1767/1768/56171/1769/1770/27019/64446/83544/10126/7802"
"hsa04010","hsa04010","MAPK signaling pathway",297,0.450175087102894,1.38232499036309,0.000143972156180359,0.000354637296473679,9.91758660994734e-05,7375,"tags=37%, list=27%, signal=28%","207/208/10000/284/285/51378/369/374/408/409/9048/1386/468/627/673/773/774/775/776/777/778/8913/8912/8911/779/781/9254/55799/93589/782/783/784/785/786/10369/10368/27092/27091/59285/59284/59283/836/929/994/998/1147/1398/1399/1435/1436/1616/1649/1843/11221/80824/1844/1845/1846/1847/1848/1849/1850/1852/51295/1942/1943/1944/1945/1946/1950/1956/2002/2005/1969/2064/2065/2066/2069/355/356/2246/2255/8823/8822/8817/9965/2247/26281/26291/27006/8074/2249/2250/2252/2253/2254/2260/2263/2261/2264/2316/2317/2318/2321/2322/2323/2324/2353/1647/4616/10912"
"hsa00310","hsa00310","Lysine degradation",63,0.583363091763534,1.67358088257191,0.000165291976890576,0.000404181111374765,0.000113031009936698,6368,"tags=38%, list=23%, signal=29%","51166/10157/38/39/219/217/224/501/223/55870/8424/79823/79709/23127/55526/1738/1743/84444/1892/1962/79813/10919/2145/2146"
"hsa00910","hsa00910","Nitrogen metabolism",17,0.775596995703848,1.8177484715168,0.000167244380681952,0.00040599179368445,0.000113537375138778,2530,"tags=76%, list=9%, signal=70%","759/771/377677/23632/760/761/762/763/11238/765/766/767/768"
"hsa05010","hsa05010","Alzheimer disease",365,0.43420724947653,1.34128277642794,0.000173446213487218,0.000418017852649051,0.000116900514959201,4636,"tags=28%, list=17%, signal=23%","102/6868/11047/177/207/208/10000/55626/317/322/324/10297/51107/83464/348/351/369/468/22926/60673/9776/22863/23130/55102/487/488/489/498/506/509/513/514/516/517/518/515/10476/522/539/8312/8313/23621/25825/572/8678/441925/637/673/775/776/778/779/801/805/808/810/91860/51806/163688/823/824/100506742/836/840/841/842/1020/8851/1128/1131/1133/1139/1147/1327/84701/9377/1329/1337/1339/1340/125965/1345/1346/1347/9167/1349/170712/1350/1351/341947/1435/1452/1454/1457/1459/283106/1460/1499/1536/1537/54205"
"hsa00120","hsa00120","Primary bile acid biosynthesis",17,0.772902515013318,1.81143348037595,0.000197651810900446,0.000472952547511781,0.00013226324188075,4738,"tags=76%, list=17%, signal=63%","10005/8309/1109/6718/23600/570/9023/1593/51302/10858/1581/9420/1582"
"hsa05017","hsa05017","Spinocerebellar ataxia",141,0.500623938108221,1.50345818674155,0.000218048621181284,0.00051805878082078,0.000144877396678867,1881,"tags=17%, list=7%, signal=16%","11047/10939/207/208/10000/55626/60673/9776/22863/23130/55102/487/488/489/6310/25814/342371/6311/11273/4287/6315/146227/8678/441925"
"hsa04012","hsa04012","ErbB signaling pathway",84,0.55288748492162,1.61922515899877,0.000223707702830341,0.00052776112991665,0.000147590700903635,6200,"tags=33%, list=22%, signal=26%","25/27/207/208/10000/369/374/572/673/685/815/816/817/818/867/868/1026/1027/1398/1399/1950/1956/1978/2002/2064/2065/2066/2069"
"hsa00260","hsa00260","Glycine, serine and threonine metabolism",38,0.646861295054853,1.75016114707398,0.000234821592041382,0.000550106526810231,0.000153839688565941,8113,"tags=63%, list=29%, signal=45%","189/64902/211/212/501/275/314/8639/635/669/875/55349/1491/1610/1738/29958/2593/2628/23464/2653/2731/132158/27232/9380"
"hsa04130","hsa04130","SNARE interactions in vesicular transport",33,-0.545365976962319,-2.07090276527734,0.000281016861039277,0.000653754503112207,0.000182825297021167,4018,"tags=76%, list=14%, signal=65%","8676/8675/55014/53407/415117/6804/112755/2054/6809/6810/6811/10228/8417/9482/55850/6843/6844/9341/8674/10791/6845/8673/143187/10490/10652"
"hsa04666","hsa04666","Fc gamma R-mediated phagocytosis",96,0.536060972152355,1.57961182143371,0.000308272182833358,0.000712215043097758,0.000199174041903222,1928,"tags=21%, list=7%, signal=19%","10097/10096/57180/653857/207/208/10000/273/382/10552/10095/10109/10094/10093/10092/81873/50807/8853/55616/274"
"hsa05022","hsa05022","Pathways of neurodegeneration - multiple diseases",456,0.418739453681468,1.29790159145086,0.000321264234309508,0.00073714738694305,0.000206146480559093,5322,"tags=31%, list=19%, signal=26%","55860/10121/10120/11047/177/57679/55626/317/324/10297/351/369/468/22926/60673/9776/22863/23130/55102/487/488/489/498/506/509/513/514/516/517/518/515/10476/522/539/6310/342371/6311/11273/4287/8312/8313/572/578/581/596/598/627/8678/441925/637/673/203228/774/775/776/778/779/801/805/808/810/91860/51806/163688/815/816/817/818/823/824/100506742/836/840/841/842/847/9973/1020/8851/25978/1128/1131/1133/1139/1327/84701/9377/1329/1337/1339/1340/125965/1345/1346/1347/9167/1349/170712/1350/1351/341947/1435/1452/1454/1457/1459/283106/1460/1499/1536/1537/54205/1616/1639/10540/11258/51164/84516/10671/1649/79139/22943/27123/27121/1742/25981/196385/8701/201625/127602/8632/146754/55567/1767/1768/56171/1769/1770/27019/64446/83544/10126/7802"
"hsa00512","hsa00512","Mucin type O-glycan biosynthesis",36,0.651168897962833,1.74883501454537,0.000340744450228026,0.000776526468206726,0.000217159012318613,7562,"tags=81%, list=27%, signal=59%","10331/192134/9334/56913/29071/728819/2589/55568/63917/79695/114805/79623/117248/57452/64409/374378/2590/2591/8693/11227/11226/51809/26290/50614/168391/442117/2650/9245/51301"
"hsa03440","hsa03440","Homologous recombination",41,0.624475142499575,1.70425204102338,0.000351830549123164,0.000796373202407162,0.000222709238065161,2100,"tags=24%, list=8%, signal=23%","84142/472/29086/9577/580/641/672/675/79184/83990"
"hsa04614","hsa04614","Renin-angiotensin system",22,0.71488481486455,1.76341117987141,0.000424138382603492,0.000953599719276308,0.000266678318980649,4536,"tags=50%, list=16%, signal=42%","1636/59272/183/185/186/290/10159/1215/1359/5476/1511"
"hsa04630","hsa04630","JAK-STAT signaling pathway",148,0.487879623737916,1.46757425034805,0.000438692092377005,0.00097974567297531,0.000273990148923182,10155,"tags=65%, list=37%, signal=41%","207/208/10000/316/596/598/595/894/896/1026/1154/23529/1270/1271/1387/64109/1437/1438/1439/1440/1441/1443/1489/1950/1956/2033/2056/2057/2273/2670/2689/2690/2885/3265/3439/3454/3455/3456/338376/3458/3459/3460/56832/282618/282616/282617/163702/3586/3587/3588/3589/3590/3592/3593/3594/3595/3596/3597/3598/3600/3601/29949/3558/50604/53832/53833/59067/50615/50616/58985/116379/51561/149233/11009/55801/246778/9466/3559/3560/3561/133396/3563/3565/3566/3567/3568/3569/3570/3572/3574/3575/3581/10379/3716/3717/3718"
"hsa01523","hsa01523","Antifolate resistance",30,0.665230322546551,1.74732521042727,0.000451107880633698,0.000989685821506535,0.0002767699547968,1491,"tags=27%, list=5%, signal=25%","4363/1244/8714/10257/10057/9429/239/471"
"hsa00513","hsa00513","Various types of N-glycan biosynthesis",42,0.623248208355431,1.70205595934646,0.000450729483745671,0.000989685821506535,0.0002767699547968,1720,"tags=31%, list=6%, signal=29%","56052/440138/79087/79868/199857/85365/10195/79796/283358/338707/2683/8704/8703"
"hsa00983","hsa00983","Drug metabolism - other enzymes",77,-0.377448805248008,-1.61159959296075,0.000452005763255223,0.000989685821506535,0.0002767699547968,1885,"tags=35%, list=7%, signal=33%","1890/83549/7371/54963/54658/54575/54659/54657/54579/54578/54577/54576/54600/10941/79799/7365/10720/7366/7367/54490/7363/7364/7372/51733/7378/151531/7498"
"hsa05203","hsa05203","Viral carcinogenesis",195,0.466633592940318,1.42206795266756,0.00053633257811491,0.00116669749135386,0.000326272040001551,8737,"tags=58%, list=31%, signal=40%","87/81/1386/468/1388/9114/245972/572/578/581/718/836/841/8900/890/595/894/896/898/9134/1232/1233/1234/1237/991/998/983/1017/1019/1021/1026/1027/1029/1030/1108/1111/1385/10488/90993/64764/84699/148327/9586/1387/1642/1654/1739/9093/1959/1960/5610/2033/2885/2934/2957/2958/2959/2960/2961/2965/2966/728340/2967/2968/255626/8346/8970/85236/8340/8342/8341/8348/440689/8349/3018/8347/3017/8344/8343/8339/8345/158983/286436/8359/8363/8362/8368/8370/554313/8366/8364/8360/8367/8361/8365/8294/3065/83933/79885/3066/8841/9759/10014/10013/51564/55869/9734/3105/3106/3107/3133/3134/3135"
"hsa01240","hsa01240","Biosynthesis of cofactors",151,0.479556240733518,1.4449978320356,0.000585097384141822,0.00126456531411297,0.000353641203318317,5161,"tags=31%, list=19%, signal=25%","158/122622/159/125061/203/204/50808/205/26289/102157402/122481/158067/221264/10327/210/211/212/219/217/224/251/248/249/250/554235/586/587/53630/790/51727/129607/80347/27235/51805/84274/51004/10229/1352/1355/1371/1503/56474/1719/200895/1723/9249/1738"
"hsa05132","hsa05132","Salmonella infection",247,0.447652990117438,1.3693645537043,0.000590749021584325,0.00126859565532531,0.00035476830580975,5602,"tags=30%, list=20%, signal=24%","10006/64746/60/71/55860/10121/10120/10097/10096/57180/653857/79026/113146/207/208/10000/302/375/382/26084/127829/55207/10552/10095/10109/10094/10093/10092/81873/578/581/596/329/330/55845/834/836/837/838/840/841/929/998/1147/1434/1499/3576/54205/23191/26999/9267/9266/9265/27128/1639/10540/11258/51164/84516/10671/1785/1778/1780/1781/51143/1783/79659/51626/8655/140735/83658/83657/6993/6990"
"hsa01230","hsa01230","Biosynthesis of amino acids",70,0.552055445088236,1.5921332659255,0.000607748993428478,0.00129137508781865,0.000361138673419827,1819,"tags=20%, list=7%, signal=19%","48/50/95/5832/226/229/230/383/384/435/440/445/586/587"
"hsa04151","hsa04151","PI3K-Akt signaling pathway",333,0.438545092819163,1.35202605453631,0.000609066459329393,0.00129137508781865,0.000361138673419827,10915,"tags=62%, list=39%, signal=38%","207/208/10000/284/285/51378/374/1386/468/1388/572/596/598/10018/627/672/100533105/842/595/894/896/898/9134/930/11140/1017/1019/1021/1026/1027/1101/1128/1129/1147/1277/1278/1280/1282/1284/1285/1286/1287/1288/1291/1292/1293/256076/131873/1297/1298/1299/1311/1385/10488/90993/64764/84699/148327/9586/200186/1435/1436/1440/1441/1443/54541/1942/1943/1944/1945/1946/1950/1956/1975/1977/253314/9470/1978/1969/2056/2057/2064/2065/2066/2069/2149/356/2246/2255/8823/8822/8817/9965/2247/26281/26291/27006/8074/2249/2250/2252/2253/2254/2260/2263/2261/2264/2321/2322/2323/2324/2335/2309/57818/92579/2689/2690/2782/2783/2784/59345/10681/2790/2791/55970/51764/54331/2785/2786/2787/2788/94235/2792/2793/2885/2932/2997/3082/3265/3320/3326/7184/3381/3439/3454/3455/3456/3479/3480/3481/3551/8517/3558/3559/3560/3561/3563/3565/3566/3569/3570/3574/3575/3630/3643/3667/3672/8515/22801/3673/3674/3675/3676/3678/3655/3679/8516/3680/3685/3688/3690/3691/3693/3694/3695/3696/3716/3717/3718/3791/3815/4254/3845/284217/3908/3909/3910/3911/3912/3913/3914/22798/3915/3918/10319"
"hsa05131","hsa05131","Shigellosis",242,0.447173575653689,1.36832599759729,0.000618225182155339,0.00130254991208829,0.000364263761746608,4750,"tags=26%, list=17%, signal=21%","60/71/87/81/10097/10096/57180/653857/207/84335/208/10000/375/382/9181/10552/10095/10109/10094/10093/10092/81873/9140/22863/55054/9474/472/581/9564/8915/596/598/8678/441925/664/8945/718/10241/823/824/826/834/837/831/11335/6352/929/960/998/115004/1147/1398/1399/1437/2017/8454/3576/54205/9267/9266/9265/27128"
"hsa04964","hsa04964","Proximal tubule bicarbonate reclamation",22,0.704656935139444,1.73818200017894,0.000702348124956633,0.00147054138662795,0.000411243310007502,2523,"tags=45%, list=9%, signal=41%","358/476/477/478/480/481/482/483/760/762"
"hsa04140","hsa04140","Autophagy - animal",140,0.488719597093293,1.4675034922678,0.00074248094551222,0.00154491376861238,0.000432041870876676,5027,"tags=29%, list=18%, signal=24%","207/84335/208/10000/55626/83734/60673/9140/9776/22863/55054/89849/23130/55102/64422/115201/23192/84938/84971/9474/10533/79065/285973/572/596/598/8678/441925/664/203228/10645/8837/1508/1509/1514/1612/23604/1613/54541/64798"
"hsa05162","hsa05162","Measles",125,0.497556590350044,1.48623468196367,0.000779373945461812,0.00161166834401054,0.000450710078922036,10196,"tags=64%, list=37%, signal=41%","103/207/208/10000/317/572/578/581/27113/596/598/637/836/841/842/868/595/894/896/898/9134/30835/940/915/916/917/4179/1017/1019/1021/1027/1147/10332/1457/1459/283106/1460/54205/27102/5610/9451/440275/1965/8667/8772/355/356/2213/2353/2932/3303/3304/3305/3310/3312/64135/3439/3454/3455/3456/3551/9641/8517/3592/3593/3552/3553/3558/3559/3560/3561/3569/3654/51135/3661/3665/10379/3716/3718/3725"
"hsa00533","hsa00533","Glycosaminoglycan biosynthesis - keratan sulfate",14,0.767135142966564,1.72579953943404,0.000796473972225547,0.00162694378472901,0.000454981922516519,3712,"tags=71%, list=13%, signal=62%","10678/93010/2683/8704/8703/8702/8534/9435/10164/4166"
"hsa05210","hsa05210","Colorectal cancer",86,0.52987899147122,1.55111190898208,0.000792935211657156,0.00162694378472901,0.000454981922516519,4888,"tags=30%, list=18%, signal=25%","207/208/10000/324/10297/26060/369/374/8312/8313/572/578/581/27113/596/10018/332/673/836/842/595/1026/1499/54205/1630/1643"
"hsa03018","hsa03018","RNA degradation",76,0.549016963606507,1.6008196390178,0.000847502759898597,0.0017206874216123,0.000481197739272569,6354,"tags=51%, list=23%, signal=40%","694/7832/10950/54766/10438/23019/25904/4848/4849/4850/57472/246175/29883/9337/9125/55802/196513/167227/28960/1656/170506/22894/115752/80153/23644/2023/2026/2027/387712/51013/5394/23404/51010/54512/56915/118460/23016/11340/5393"
"hsa04744","hsa04744","Phototransduction",27,0.664726840064428,1.70963475530506,0.000877347340644441,0.00177055035611981,0.000495142126299019,8287,"tags=70%, list=30%, signal=49%","801/805/808/810/91860/51806/163688/1259/1258/2779/2780/2782/2792/6011/131890/2979/9626/3000/2986"
"hsa05160","hsa05160","Hepatitis C",143,0.487567669488141,1.46415647795301,0.000927879605616933,0.00186131537653696,0.000520524959974201,5874,"tags=40%, list=21%, signal=32%","207/208/10000/317/369/572/578/581/637/673/836/841/842/595/975/1017/1019/1021/1026/8837/1147/9076/9071/5010/9069/23562/24146/10686/51208/149461/9075/49861/137075/100132463/644672/1365/100288814/1364/7122/9074/1366/9073/9080/1499/3627/54205/1869/1870/1871/1950/1956/27102/5610/9451/440275/1965/3646"
"hsa04071","hsa04071","Sphingolipid signaling pathway",121,0.5005353152533,1.49159065931582,0.000935228520173426,0.00186489020391725,0.00052152467603656,3489,"tags=17%, list=13%, signal=15%","4363/125981/340485/134/140/207/208/10000/427/56624/581/596/624/637/10715/29956/204219/79603/91012/253782"
"hsa04625","hsa04625","C-type lectin receptor signaling pathway",103,0.514000976363278,1.5203447594642,0.000960504616527772,0.00190395885524736,0.000532450394711751,3864,"tags=26%, list=14%, signal=23%","207/208/10000/23365/8915/602/801/805/808/810/91860/51806/163688/64170/834/841/868/6361/6367/30835/1147/51266/338339/26253/10332/93978/64581"
"hsa04710","hsa04710","Circadian rhythm",32,0.644320077550784,1.70423978944176,0.000974353237178823,0.00192004902620533,0.000536950081169754,6817,"tags=41%, list=25%, signal=31%","8553/79365/8945/9575/1385/1407/1408/1453/1454/8454/1628/26224/23291"
"hsa04940","hsa04940","Type I diabetes mellitus",41,0.60202449483488,1.64298208886531,0.000993942231259562,0.00193647430170449,0.000541543481073684,9918,"tags=88%, list=36%, signal=57%","940/941/942/1363/355/356/2571/2572/3002/3105/3106/3107/3108/3109/3111/3112/3113/3115/3117/3118/3119/3122/3123/3127/3133/3134/3135/3329/3382/3458/3592/3593/3552/3553/3558/3630"
"hsa04612","hsa04612","Antigen processing and presentation",70,0.545055620127337,1.57194570274673,0.000994249492218426,0.00193647430170449,0.000541543481073684,10644,"tags=79%, list=38%, signal=49%","567/811/821/920/972/925/926/927/4261/1385/1508/1514/1520/3105/3106/3107/3108/3109/3111/3112/3113/3115/3117/3118/3119/3122/3123/3127/3133/3134/3135/3320/3326/3303/3304/3305/3306/3308/3309/3310/3312/10437/3458/3802/3804/3805/3809/3811/3812/115653/3821/3822/3823/8302/3824"
"hsa05340","hsa05340","Primary immunodeficiency",37,0.62159775116343,1.67843140465227,0.00103487302195141,0.00200394486909665,0.000560411919401734,3748,"tags=43%, list=13%, signal=37%","100/57379/326/29760/695/930/915/916/920/958/959/973/925/926/927/4261"
"hsa00514","hsa00514","Other types of O-glycan biosynthesis",47,0.594043006224119,1.6522763117723,0.00112716582769365,0.00217011811653663,0.000606882992527134,8311,"tags=68%, list=30%, signal=48%","145173/2683/8704/8703/56913/29071/728819/79709/23127/285203/2589/55568/63917/79695/114805/79623/117248/57452/64409/374378/2590/2591/8693/11227/11226/51809/26290/50614/168391/442117/283464/727936"
"hsa05213","hsa05213","Endometrial cancer",58,0.571347311050281,1.62343703155355,0.00118415979576865,0.00226682018047142,0.000633926146306226,7375,"tags=50%, list=27%, signal=37%","207/208/10000/324/10297/369/8312/8313/572/578/581/673/842/595/999/1026/1495/1496/29119/1499/1643/1950/1956/2002/2064/2309/1647/4616/10912"
"hsa05146","hsa05146","Amoebiasis",100,0.514055544661901,1.52149623208026,0.0012402554449214,0.0023607134889129,0.000660183819366059,4601,"tags=31%, list=17%, signal=26%","87/81/107/383/384/731/732/733/735/836/929/909/910/911/912/913/1277/1278/1281/1282/1284/1285/1286/1287/1288/1437/1511/2919/2920/2921/3576"
"hsa00790","hsa00790","Folate biosynthesis",27,0.657007337979765,1.68978069155714,0.00126253074989553,0.00237611124278091,0.000664489868366069,751,"tags=30%, list=3%, signal=29%","231/57016/441282/8644/251/248/249/250"
"hsa01040","hsa01040","Biosynthesis of unsaturated fatty acids",27,0.656812409123414,1.68927934705359,0.00126253074989553,0.00237611124278091,0.000664489868366069,6420,"tags=63%, list=23%, signal=48%","30/641371/10965/122970/11332/51/8310/570/64834/54898/83401/6785/60481/79071/79993/3992/9415"
"hsa00600","hsa00600","Sphingolipid metabolism",51,0.565145553260332,1.58053289157534,0.00148158606163338,0.00277280072987253,0.000775425812910149,3489,"tags=31%, list=13%, signal=27%","125981/340485/55331/410/427/56624/2583/9334/9331/64781/10715/29956/204219/79603/91012/253782"
"hsa03460","hsa03460","Fanconi anemia pathway",52,0.565461486057392,1.59065715973817,0.00150798522375486,0.00280652805532154,0.000784857806515686,6708,"tags=50%, list=24%, signal=38%","545/84126/641/672/675/83990/378708/100526739/201254/146956/197342/2067/2072/80233/91442/22909/2175/2187/2176/2177/2178/2188/2189/55215/55120/57697"
"hsa05330","hsa05330","Allograft rejection",35,0.619378521910681,1.65604877034388,0.0015288014416195,0.0028292810088818,0.000791220769176687,9829,"tags=94%, list=35%, signal=61%","940/958/959/941/942/355/356/3002/3105/3106/3107/3108/3109/3111/3112/3113/3115/3117/3118/3119/3122/3123/3127/3133/3134/3135/3458/3586/3592/3593/3558/3565/3567"
"hsa04066","hsa04066","HIF-1 signaling pathway",108,0.49361071562995,1.46120395950982,0.00153710192124325,0.0028292810088818,0.000791220769176687,6183,"tags=36%, list=22%, signal=28%","207/208/10000/226/229/230/284/285/51378/405/596/815/816/817/818/1026/1027/1387/8453/1536/1906/1950/1956/54583/112398/112399/1977/253314/9470/1978/6923/6921/2023/2026/2027/387712/2033/2056/2064"
"hsa05135","hsa05135","Yersinia infection",136,0.480037036515565,1.43794381011358,0.00184450940476858,0.00337656093222663,0.000944269985760157,3212,"tags=22%, list=12%, signal=20%","60/71/10097/10096/57180/653857/207/208/10000/382/9138/23365/64283/8874/10552/10095/10109/10094/10093/10092/81873/10458/9564/834/6347/920/925/926/927/998"
"hsa00430","hsa00430","Taurine and hypotaurine metabolism",16,0.725222466404871,1.68411109431758,0.00202353180772469,0.00368414758471614,0.001030287934139,7643,"tags=100%, list=28%, signal=73%","84890/570/1036/51380/2326/2327/2328/2329/2330/2571/2572/339896/2678/2687/124975/2686"
"hsa03250","hsa03250","Viral life cycle - HIV-1",62,0.547010809767209,1.5678620600768,0.00216839540370223,0.00390544333462498,0.0010921742554018,6113,"tags=44%, list=22%, signal=34%","27125/200315/9582/27350/140564/200316/60489/164668/636/23299/684/904/905/1234/920/1025/29082/128866/79643/11052/79869/1387/7852/8178/22936/80237/2033"
"hsa05222","hsa05222","Small cell lung cancer",92,0.509279747697718,1.49874804362235,0.00216636422400717,0.00390544333462498,0.0010921742554018,5617,"tags=39%, list=20%, signal=31%","207/208/10000/317/578/581/596/598/329/330/79444/836/842/595/898/9134/1017/1019/1021/1026/1027/1030/1147/1163/1164/1282/1284/1285/1286/1287/1288/54205/1643/1869/1870/1871"
"hsa00591","hsa00591","Linoleic acid metabolism",29,0.635720333030766,1.65566705940711,0.00225271504642515,0.00403561251632312,0.00112857663457269,4701,"tags=28%, list=17%, signal=23%","246/1544/1557/1558/1559/1571/1573/1576"
"hsa05220","hsa05220","Chronic myeloid leukemia",76,0.535536461470534,1.56151328968147,0.00228870227708406,0.00407827267459128,0.00114050673382128,5617,"tags=36%, list=20%, signal=28%","25/207/208/10000/369/572/578/581/598/613/673/867/595/1019/1021/1026/1027/1029/1147/1398/1399/1487/1488/1643/1869/1870/1871"
"hsa05169","hsa05169","Epstein-Barr virus infection",186,0.451990541939797,1.37503614981959,0.00246284688351366,0.00436536352368823,0.0012207929414242,10196,"tags=52%, list=37%, signal=33%","11047/207/208/10000/317/567/578/581/596/10018/637/29760/695/811/836/841/842/8900/890/595/894/896/898/9134/930/919/915/916/917/958/960/965/1017/1019/1021/1026/1027/1147/9541/1380/3627/54205/1643/1869/1870/1871/5610/953/956/377841/8772/355/2208/1647/4616/10912/3065/3066/3280/3105/3106/3107/3108/3109/3111/3112/3113/3115/3117/3118/3119/3122/3123/3127/3133/3134/3135/3383/3439/3454/3455/3456/3551/9641/8517/3569/3654/51135/3661/3665/10379/9636/3683/3716/3718/3725"
"hsa00532","hsa00532","Glycosaminoglycan biosynthesis - chondroitin sulfate / dermatan sulfate",21,0.681026901794987,1.66219802822611,0.00247633321251201,0.0043661664536396,0.0012210174842857,5482,"tags=86%, list=20%, signal=69%","126792/26229/11285/79586/54480/50515/55501/166012/113189/51363/9469/56548/22856/337876/55790/55454/29940/92126"
"hsa04977","hsa04977","Vitamin digestion and absorption",24,0.660230422949013,1.65389170268688,0.00251342287245925,0.00440835948834476,0.00123281695039335,2782,"tags=29%, list=10%, signal=26%","4363/335/337/338/158835/686/2694"
"hsa04340","hsa04340","Hedgehog signaling pathway",53,0.554679691716202,1.56468327965286,0.00321621206772541,0.00561162001400007,0.00156931400234409,8652,"tags=62%, list=31%, signal=43%","408/409/596/91653/8945/595/894/50937/1452/1453/1454/53944/1455/1456/8454/8452/50846/84976/84455/2121/132884/23291/2619/2735/2736/2737/23432/156/157/2932/55733/57467/64399"
"hsa05223","hsa05223","Non-small cell lung cancer",72,0.522329119193156,1.50887259015331,0.00329243614557067,0.00571485030448794,0.00159818280314038,7375,"tags=39%, list=27%, signal=29%","207/208/10000/238/369/572/578/581/673/842/595/1019/1021/1026/1029/1643/1869/1870/1871/1950/1956/27436/2064/2272/2309/1647/4616/10912"
"hsa05133","hsa05133","Pertussis",76,0.527109553227911,1.53694217238416,0.00357489111326404,0.00617313671620336,0.00172634459620455,4601,"tags=37%, list=17%, signal=31%","712/713/714/715/716/717/718/720/721/722/725/727/801/805/808/810/91860/51806/163688/834/836/840/929/1072/1073/6374/6372/3576"
"hsa03060","hsa03060","Protein export",23,-0.535025406079666,-1.79559933004811,0.00366064051156585,0.00628879267371569,0.00175868828895741,6060,"tags=83%, list=22%, signal=65%","23478/90701/29927/55176/10952/23480/7095/11231/28972/9789/60559/6727/6728/6729/6730/6731/6726/6734/58477"
"hsa05212","hsa05212","Pancreatic cancer",76,0.526054493123733,1.53386583586439,0.00383969547662676,0.00656274481974472,0.00183530020096553,6183,"tags=34%, list=22%, signal=27%","207/208/10000/369/9459/572/578/581/598/673/675/842/595/998/1019/1021/1026/1029/1147/1643/1869/1870/1871/1950/1956/2064"
"hsa00040","hsa00040","Pentose and glucuronate interconversions",35,-0.457783234122707,-1.75784936642466,0.00394172083832593,0.00670292629867608,0.0018745025627091,1700,"tags=60%, list=6%, signal=56%","7358/7360/54658/54575/54659/54657/54579/54578/54577/54576/54600/10941/79799/7365/10720/7366/7367/54490/7363/7364/9942"
"hsa05332","hsa05332","Graft-versus-host disease",38,0.589208946424861,1.59417577373174,0.00399240768374675,0.00672088730680985,0.00187952543693975,10644,"tags=95%, list=38%, signal=59%","940/941/942/355/356/3002/3105/3106/3107/3108/3109/3111/3112/3113/3115/3117/3118/3119/3122/3123/3127/3133/3134/3135/3458/3552/3553/3558/3569/3802/3804/3811/3812/115653/3821/3824"
"hsa00220","hsa00220","Arginine biosynthesis",20,0.663823308473917,1.59264871079577,0.00398394783575358,0.00672088730680985,0.00187952543693975,8078,"tags=75%, list=29%, signal=53%","95/383/384/435/445/1373/2744/27165/2746/2747/2752/2805/2806/2875/84706"
"hsa04068","hsa04068","FoxO signaling pathway",129,0.462142264598142,1.38464535495372,0.00407718590501288,0.00682928639089658,0.00190983971340077,10031,"tags=49%, list=36%, signal=31%","116986/207/208/10000/369/9140/472/10018/604/664/673/100533105/847/891/9133/85417/595/894/901/1017/1026/1027/1030/1032/1147/1387/1454/1950/1956/2033/356/26260/114907/2290/2308/2309/4303/100132074/57818/92579/11337/23710/11345/1647/4616/10912/2885/2911/9456/9455/9454/3265/3479/3480/3551/3586/3569/3575/3630/3643/3667/8660/8471"
"hsa04978","hsa04978","Mineral absorption",58,0.546701547865288,1.55340809494778,0.00416130134414953,0.00693550224024921,0.00193954343874998,1622,"tags=24%, list=6%, signal=23%","475/476/477/478/480/481/482/483/490/491/492/493/538/540"
"hsa00603","hsa00603","Glycosphingolipid biosynthesis - globo and isoglobo series",16,0.700293773796665,1.62622170211985,0.00479500716285057,0.0079521158393809,0.00222384386395884,1694,"tags=31%, list=6%, signal=29%","127550/53947/28/8706/10317"
"hsa04668","hsa04668","TNF signaling pathway",114,0.473942127063191,1.4069447426101,0.00484475043431177,0.00799503150489873,0.00223584541692376,4764,"tags=33%, list=17%, signal=28%","207/208/10000/1386/468/1388/9530/602/329/330/843/836/840/841/6347/6364/6352/1051/8837/1147/1385/10488/90993/64764/84699/148327/9586/1435/1437/6376/2919/3627/2920/2921/6374/6372/1540/153090"
"hsa05167","hsa05167","Kaposi sarcoma-associated herpesvirus infection",181,0.444939762530689,1.35073253770128,0.00495497251224193,0.00813684211569141,0.002275503372495,10196,"tags=56%, list=37%, signal=36%","207/208/10000/285/22863/64422/578/581/8678/441925/637/718/801/805/808/810/91860/51806/163688/836/841/842/595/1230/1232/1233/1234/1237/131450/344807/942/1019/1021/1026/1147/9976/1385/1387/1437/1499/2919/2920/2921/3576/54205/1869/1870/1871/5610/2033/8772/355/2247/2353/2782/2783/2784/59345/10681/2790/2791/55970/51764/54331/2785/2786/2787/2788/94235/2792/2793/2932/3055/3091/3105/3106/3107/3133/3134/3135/3265/3383/3439/3454/3455/3456/3459/3551/9641/8517/3569/3572/3661/3665/10379/3708/3709/3710/3716/3717/3725"
"hsa00480","hsa00480","Glutathione metabolism",56,0.537098061138132,1.52167601750029,0.00543987642980923,0.00888955416578581,0.00248600257896288,9303,"tags=71%, list=33%, signal=48%","290/79094/494143/2539/2729/2730/79017/2678/2687/124975/2686/2876/2877/2878/2879/2880/257202/2882/493869/2936/2937/2938/2939/2940/2941/221357/373156/2944/2946/2947/2948/2949/9446/119391/2950/2953/653689/27306/3417/3418"
"hsa00062","hsa00062","Fatty acid elongation",27,0.620688299347397,1.59637045597956,0.00602739812223249,0.00980183675217419,0.00274112638159781,8456,"tags=74%, list=30%, signal=52%","10449/641371/10965/122970/11332/1892/64834/54898/83401/6785/60481/79071/79993/9200/201562/51495/401494/3033/3030/3032"
"hsa00515","hsa00515","Mannose type O-glycan biosynthesis",23,0.637791477461744,1.58685095577215,0.00651208905522838,0.0105388880845484,0.00294724600007794,7292,"tags=57%, list=26%, signal=42%","148789/27087/135152/2683/8704/8703/11041/9486/729920/79147/2218/2526/10690"
"hsa05320","hsa05320","Autoimmune thyroid disease",37,0.574574048767406,1.5514585211166,0.00734619502338035,0.0118316121770789,0.00330876192854682,9829,"tags=89%, list=35%, signal=58%","940/958/959/941/942/1081/1493/355/356/3002/3105/3106/3107/3108/3109/3111/3112/3113/3115/3117/3118/3119/3122/3123/3127/3133/3134/3135/3439/3586/3558/3565/3567"
"hsa05202","hsa05202","Transcriptional misregulation in cancer",185,0.433665554564892,1.3188524232067,0.00800406174009762,0.0128294769518311,0.0035878191632772,9414,"tags=51%, list=34%, signal=34%","4299/9915/79058/466/472/8938/578/581/64919/597/598/604/329/330/648/55589/8900/890/894/904/905/929/958/942/5218/1025/1026/1027/1031/1050/1051/1053/1436/1437/3576/1643/1649/1655/1668/1669/1670/1671/84444/1848/1991/2005/2078/2115/2118/2119/2120/51513/2130/2138/2209/54738/2313/2321/2322/2308/2521/2530/1647/4616/10912/2892/3002/3020/3021/8290/440093/8350/8357/8354/8356/653604/126961/8358/8352/8353/8968/8355/3065/3066/3087/8091/3206/3207/3205/3248/3398/3479/3480/3486"
"hsa04960","hsa04960","Aldosterone-regulated sodium reabsorption",36,0.579017311082765,1.55505852754541,0.00856538441240764,0.0136638275150312,0.00382114893586105,1525,"tags=19%, list=5%, signal=18%","476/477/478/480/481/482/483"
"hsa00500","hsa00500","Starch and sucrose metabolism",33,0.584400841900765,1.55105121011806,0.00963885908312086,0.015303401861827,0.004279663050126,8712,"tags=67%, list=31%, signal=46%","178/276/277/279/280/5167/5169/57818/92579/2548/2595/57733/2632/2645/2821/2992/8908/2997/3098/3099/3101/80201"
"hsa01210","hsa01210","2-Oxocarboxylic acid metabolism",17,0.682766436836737,1.60018366991825,0.00993138374596248,0.0156934601646105,0.00438874455506783,1819,"tags=35%, list=7%, signal=33%","51166/48/50/95/586/587"
"hsa04070","hsa04070","Phosphatidylinositol signaling system",97,0.480038054977613,1.41724873972205,0.0102419147237908,0.0161081757392954,0.00450472157359715,10129,"tags=45%, list=36%, signal=29%","54928/801/805/808/810/91860/51806/163688/10423/1040/8760/1606/1607/8527/8526/1608/160851/9162/139189/1609/8525/3612/3613/3628/3631/8821/3632/3633/3635/56623/22876/3636/9807/51447/117283/253430/64768/3705/3706/3707/80271/3708/3709/3710"
"hsa00980","hsa00980","Metabolism of xenobiotics by cytochrome P450",74,0.496681119363628,1.4378160174091,0.0103894320140512,0.0162638304892857,0.00454825110305242,8216,"tags=66%, list=30%, signal=47%","124/125/126/127/128/130/131/1645/8574/22977/246181/218/221/222/873/874/1543/1544/1545/1553/1548/1549/1555/1559/1565/1564/1571/1572/29785/1576/1577/27294/2052/2938/2939/2940/2941/221357/373156/2944/2946/2947/2948/2949/9446/119391/2950/2953/653689"
"hsa05215","hsa05215","Prostate cancer",97,0.479154589917742,1.41464042621501,0.0105453733936983,0.0164311631948322,0.00459504642369227,9928,"tags=54%, list=36%, signal=35%","207/208/10000/367/369/468/572/596/673/842/595/898/9134/1017/1026/1027/1147/1385/10488/90993/64764/84699/148327/9586/1387/1499/1869/1870/1871/1950/1956/2033/2064/2078/2119/2260/2263/2308/2885/2932/2950/3265/3320/3326/7184/3479/3480/3551/8517/7850/3630/3645"
"hsa04216","hsa04216","Ferroptosis",40,0.569229172890955,1.54186016201728,0.0113388638671609,0.0175857379421245,0.0049179282854645,1488,"tags=20%, list=5%, signal=19%","2180/2181/2182/51703/23305/246/9474/10533"
"hsa04919","hsa04919","Thyroid hormone signaling pathway",119,0.455280852257346,1.35246623226826,0.0113979513182629,0.0175959156295764,0.0049207745201329,3015,"tags=16%, list=11%, signal=14%","60/71/207/208/10000/476/477/478/480/481/482/483/487/488/489/572/652/842/595"
"hsa00360","hsa00360","Phenylalanine metabolism",14,0.695712715547146,1.56512277540386,0.011688128800365,0.017961115358359,0.00502290421647747,991,"tags=36%, list=4%, signal=34%","218/221/222/314/8639"
"hsa04145","hsa04145","Phagosome",147,0.439592015066005,1.32327258732236,0.012266602007986,0.0187639802405266,0.00524742888108991,8737,"tags=50%, list=31%, signal=35%","60/71/537/535/23545/50617/533/527/9114/245972/8992/155066/523/525/526/528/245973/51382/529/90423/9296/9550/534/51606/715/718/811/821/929/30835/948/10332/64581/78989/81035/1311/11151/1514/1520/1535/1536/1778/1780/1781/51143/1783/79659/8411/2204/2209/2212/2213/9103/2214/2215/9146/3105/3106/3107/3108/3109/3111/3112/3113/3115/3117/3118/3119/3122/3123/3127/3133/3134/3135"
"hsa04910","hsa04910","Insulin signaling pathway",134,0.44687680753577,1.33864223800319,0.0123921766283186,0.0188699053203942,0.00527705129148496,10031,"tags=37%, list=36%, signal=24%","31/32/207/208/10000/369/572/673/801/805/808/810/91860/51806/163688/867/868/1398/1399/1977/253314/9470/1978/2002/23265/2194/2203/8789/10211/2319/2308/57818/92579/2645/2885/2932/2997/3098/3099/3101/80201/3265/3551/3632/3636/3630/3643/3667/8660/8471"
"hsa00770","hsa00770","Pantothenate and CoA biosynthesis",21,0.623336978988525,1.52139290630703,0.0130132060320083,0.019725900546257,0.00551643408834838,6078,"tags=57%, list=22%, signal=45%","60496/219/217/224/586/587/80347/51380/1806/1807/5167/5169"
"hsa05134","hsa05134","Legionellosis",55,0.524830826059184,1.48387931651415,0.0139224411324203,0.0210090890962198,0.00587528336076532,10093,"tags=67%, list=36%, signal=43%","317/375/23786/664/718/834/836/840/841/842/929/1195/57396/1378/1379/2919/2920/2921/3576/54205/1915/1917/10767/3297/3303/3304/3305/3310/3312/3329/3592/3593/3606/3553/3569/3684/3689"
"hsa00052","hsa00052","Galactose metabolism",30,0.579651278705299,1.52253927430871,0.0162832031994318,0.0244613142233616,0.00684071316851276,8712,"tags=67%, list=31%, signal=46%","231/57016/441282/2683/8704/57818/92579/2548/2582/2584/130589/2592/2595/2645/2717/2720/3098/3099/3101/80201"
"hsa00270","hsa00270","Cysteine and methionine metabolism",50,0.521169814099717,1.45422041876721,0.0171505051799031,0.0256491930145872,0.00717290865136925,8194,"tags=48%, list=30%, signal=34%","55256/64902/191/10768/23382/262/51074/586/587/635/23743/875/1036/1491/1786/1788/1789/58478/2729/2730/27232/2805/2806/2937"
"hsa05310","hsa05310","Asthma",26,0.590714833789829,1.50688996555332,0.0177386048439267,0.0264108116565132,0.00738589862507359,9829,"tags=85%, list=35%, signal=55%","6356/958/959/8288/2205/2207/3108/3109/3111/3112/3113/3115/3117/3118/3119/3122/3123/3127/3586/3596/3565/3567"
"hsa00785","hsa00785","Lipoic acid metabolism",18,0.644429592091194,1.5284942409364,0.0193588133077607,0.0284438704302624,0.00795445237484164,5192,"tags=50%, list=19%, signal=41%","116285/275/593/594/1629/55526/1737/1738/1743"
"hsa00051","hsa00051","Fructose and mannose metabolism",34,0.558675401296015,1.48640936359414,0.0193516019290071,0.0284438704302624,0.00795445237484164,8712,"tags=56%, list=31%, signal=38%","231/57016/441282/226/229/230/55556/2203/8789/197258/8790/7264/2762/29926/29925/3098/3099/3101/80201"
"hsa05217","hsa05217","Basal cell carcinoma",62,-0.309157290923032,-1.31766133180918,0.0192033065835537,0.0284438704302624,0.00795445237484164,1104,"tags=29%, list=4%, signal=28%","7471/80326/7480/7481/51384/7472/7482/7473/89780/54361/7474/81029/7475/7476/7477/7479/7483/7484"
"hsa00860","hsa00860","Porphyrin metabolism",42,-0.363775325295684,-1.41509605671568,0.0236393361734785,0.0345815616511585,0.00967088448374896,1695,"tags=48%, list=6%, signal=45%","54658/54575/54659/54657/54579/54578/54577/54576/54600/10941/79799/7365/10720/7366/7367/54490/7363/7364/7389/7390"
"hsa04512","hsa04512","ECM-receptor interaction",88,0.469371595442455,1.37862763830274,0.0254841997961264,0.0371182910074015,0.0103802919078043,10915,"tags=78%, list=39%, signal=48%","375790/948/960/961/1101/1277/1278/1280/1282/1284/1285/1286/1287/1288/1291/1292/1293/256076/131873/1297/1298/1299/1311/1605/1758/1834/2335/80144/158326/341640/2811/2814/51206/2815/3161/3339/3381/3672/8515/22801/3673/3674/3675/3676/3678/3655/3679/8516/3680/3685/3688/3690/3691/3693/3694/3695/3696/284217/3908/3909/3910/3911/3912/3913/3914/22798/3915/3918/10319"
"hsa04929","hsa04929","GnRH secretion",64,0.492440217424348,1.41171000040315,0.0258264462809917,0.0374539372473257,0.0104741568421429,10687,"tags=62%, list=38%, signal=39%","207/208/10000/408/409/775/776/778/8913/8912/8911/779/1081/2100/2550/9568/2767/2776/2796/2797/2852/348980/610/57657/3265/3708/3709/3710/3767/3760/3762/3763/3765/3780/3781/3782/3783/3814/84634/3845"
"hsa05418","hsa05418","Fluid shear stress and atherosclerosis",137,0.437739785503364,1.31223688573407,0.0261569416498994,0.0377697217789496,0.0105624673631626,10420,"tags=50%, list=38%, signal=31%","60/71/90/92/93/207/208/10000/9181/445/596/652/657/658/659/801/805/808/810/91860/51806/163688/857/858/859/6347/1003/1147/1499/1514/1535/1843/1906/2353/2817/2938/2939/2940/2941/221357/2944/2946/2947/2948/2949/9446/119391/2950/2953/653689/3162/3320/3326/7184/3383/3458/3551/8517/3552/3553/3554/7850/3674/3685/3690/3725/3791/9817"
"hsa05226","hsa05226","Gastric cancer",144,0.434412865363497,1.30520002550576,0.027190332326284,0.0390933962631122,0.0109326387035883,7375,"tags=49%, list=27%, signal=36%","5243/207/208/10000/324/10297/369/8312/8313/578/581/596/673/595/898/9134/999/1015/1017/1026/1027/1030/1045/1452/1495/1496/29119/1499/1643/1855/1856/1857/1869/1870/1871/1950/1956/2064/2246/2255/8823/8822/8817/9965/2247/26281/26291/27006/8074/2249/2250/2252/2253/2254/2263/10023/23401/8321/11211/2535/7976/8322/7855/8323/8324/8325/8326/2549/1647/4616/10912"
"hsa00520","hsa00520","Amino sugar and nucleotide sugar metabolism",49,0.511037099440687,1.42453333635382,0.0299145299145299,0.042826356928921,0.0119765774286692,8712,"tags=67%, list=31%, signal=46%","51005/27159/1118/55907/51706/51700/1727/51167/606495/197258/8790/2582/2584/2585/2592/2645/2673/9945/7264/2762/29926/29925/10020/10007/132789/64841/2821/3073/3074/3098/3099/3101/80201"
"hsa00531","hsa00531","Glycosaminoglycan degradation",18,0.628743051623524,1.49128802468049,0.030213963387177,0.0430709690838481,0.0120449842842497,9317,"tags=89%, list=34%, signal=59%","411/2588/2720/2799/2990/3073/3074/138050/10855/60495/3373/8692/8372/23553/3423/3425"
"hsa04740","hsa04740","Olfactory transduction",155,0.423301158328499,1.27674784779487,0.0321285140562249,0.0456061534272684,0.0127539596387333,3967,"tags=12%, list=14%, signal=11%","109/57101/408/409/801/805/808/810/91860/51806/163688/815/816/817/818/1260/1261/1262/1258"
"hsa04623","hsa04623","Cytosolic DNA-sensing pathway",60,0.488014428577541,1.39235175836015,0.0333333333333333,0.0471167369901547,0.0131764009179066,10022,"tags=47%, list=36%, signal=30%","103/9447/834/836/840/841/6351/9560/6352/115004/1147/3627/1777/58511/8772/79792/1687/3439/3456/3551/9641/8517/3606/3553/90865/3569/3661/3665"
